"Program","xPONENT","","MAGPIX"
"Build","4.2.1705.0"
"Date","10/16/2019","8:42 PM"

"SN","MAGPX17165724"
"Batch","Human CK A549 2"
"Version","1"
"Operator",""
"ComputerName","ENV18022701X"
"Country Code","409"
"ProtocolName","Human Cytokine Chemokine AD"
"ProtocolVersion","4"
"ProtocolDescription",""
"ProtocolDevelopingCompany","Miliilpore"
"SampleWash","Off"
"SampleVolume","50 uL"
"BatchStartTime","10/16/2019 8:45:48 PM"
"BatchStopTime","10/16/2019 9:41:58 PM"
"BatchDescription","<None>"
"ProtocolPlate","Name","Current 96-well plate","Type","96","Plates","1"
"ProtocolMicrosphere","Map","BP 50 regions","Type","MagPlex","Count","3"
"ProtocolAnalysis","Type","Quan","Mode","FitOfAllStandards"
"NormBead","None"
"ProtocolHeater","Off"

"Most Recent Calibration and Verification Results:"
"Last CAL Calibration","Passed 10/15/2019 15:47:30"
"Last VER Verification","Passed 10/15/2019 15:48:32"
"Last Fluidics Test","Passed 10/15/2019 15:49:52"
""
"CALInfo:"
"Calibrator"
"Lot","ExpirationDate","CalibrationTime","CL1Temp","CL2Temp","RP1LongTemp","RP1ShortTemp","CL1Current","CL2Current","RP1LongCurrent","RP1ShortCurrent","CL1Factor","CL2Factor","RP1LongFactor","RP1ShortFactor","Result","MachineSerialNo"
"B62703","11/17/2019","10/15/2019 3:47:30 PM","26.4","26.4","26.4","26.4","252","284","353","353","0.00702","0.00697","0.00407","0.11954","Pass","MAGPX17165724"


"AssayLotInfo:"
"KitName","LotNumber","ExpirationDate","Manufacturer"
"Human CYK and CHK","8062-13K","02/01/2022","Millipore"
"Reagent","LotName","LotNumber","ExpirationDate","Manufacturer"
"Standard1","","8062-13K","02/01/2022","Millipore"
"Standard2","","8062-13K","02/01/2022","Millipore"
"Standard3","","8062-13K","02/01/2022","Millipore"
"Standard4","","8062-13K","02/01/2022","Millipore"
"Standard5","","8062-13K","02/01/2022","Millipore"
"Standard6","","8062-13K","02/01/2022","Millipore"
"Control1","CYK and CHK","HCY-113","02/01/2021","Millipore"
"Control2","CYK and CHK","HCY-213","02/01/2021","Millipore"


"Samples","35","Min Events","50","Per Bead"

"Results"

"DataType:","Median"
"Location","Sample","IL-6","IL-8","TNFa","Total Events"
"1(1,A1)","Background0","14","14","14","411"
"2(1,B1)","Background0","13","14","14","368"
"3(1,C1)","Standard 1","14","82","16","344"
"4(1,D1)","Standard 1","14","83.5","17","330"
"5(1,E1)","Standard2","17","381","29","371"
"6(1,F1)","Standard2","18","337","30","443"
"7(1,G1)","Standard3","153","1766.5","209","837"
"8(1,H1)","Standard3","129","1546.5","197","861"
"9(1,A2)","Standard4","5098","8935.5","3413","869"
"10(1,B2)","Standard4","4439","8516","3160","723"
"11(1,C2)","Standard5","25197","25246","14824","722"
"12(1,D2)","Standard5","25546","24657","15405.5","602"
"13(1,E2)","Standard6","44934","31435","35904","604"
"14(1,F2)","Standard6","44832","32968","37342.5","621"
"17(1,A3)","Control1","2529","2746","1294","832"
"18(1,B3)","Control1","2246.5","2596","1150","659"
"19(1,C3)","Control2","11857","10433.5","5924","652"
"20(1,D3)","Control2","12291","10651","6149","583"
"21(1,E3)","Normoxia Control 1","15","1895.5","14","576"
"22(1,F3)","Normoxia Control 1","15","1950","14","674"
"23(1,G3)","Normoxia Control 1","15","1789.5","17","658"
"24(1,H3)","Normoxia Control 2","15","1759","14","805"
"25(1,A4)","Normoxia Control 2","14","1698","14","893"
"26(1,B4)","Normoxia Control 2","15","1768.5","14","622"
"27(1,C4)","Normoxia Control 3","16","2191","15","706"
"28(1,D4)","Normoxia Control 3","15.5","1957.5","15","536"
"29(1,E4)","Normoxia Control 3","14","1804","15","636"
"30(1,F4)","Normoxia DEP 1","15.5","2262","16","592"
"31(1,G4)","Normoxia DEP 1","16","2094","15","878"
"32(1,H4)","Normoxia DEP 1","15","2064","15","746"
"33(1,A5)","Normoxia DEP 2","15","2138","15","788"
"34(1,B5)","Normoxia DEP 2","15","2124","16","516"
"35(1,C5)","Normoxia DEP 2","15","2099","15","568"
"36(1,D5)","Normoxia DEP 3","16","2254","16","643"
"37(1,E5)","Normoxia DEP 3","16","2234","16","671"
"38(1,F5)","Normoxia DEP 3","16","2176","16","675"
"39(1,G5)","Normoxia Ox66 1","16","3158.5","16","739"
"40(1,H5)","Normoxia Ox66 1","16","2938.5","15","841"
"41(1,A6)","Normoxia Ox66 1","15","3160.5","13","672"
"42(1,B6)","Normoxia Ox66 2","15","3758","15","575"
"43(1,C6)","Normoxia Ox66 2","15","3526","14","761"
"44(1,D6)","Normoxia Ox66 2","15","3433","14.5","521"
"45(1,E6)","Normoxia Ox66 3","15","3703","14","627"
"46(1,F6)","Normoxia Ox66 3","15","3702.5","14","512"
"47(1,G6)","Normoxia Ox66 3","15","3761","13","572"
"48(1,H6)","Normoxia Mix 1","15","3589","13","832"
"49(1,A7)","Normoxia Mix 1","15.5","3585.5","15","864"
"50(1,B7)","Normoxia Mix 1","15","3462","15","625"
"51(1,C7)","Normoxia Mix 2","15","2890","15","678"
"52(1,D7)","Normoxia Mix 2","15","2923","14","502"
"53(1,E7)","Normoxia Mix 2","16","3051","15","679"
"54(1,F7)","Normoxia Mix 3","15","3778","14","593"
"55(1,G7)","Normoxia Mix 3","16","3575.5","16","550"
"56(1,H7)","Normoxia Mix 3","16","3524","15","740"
"57(1,A8)","Hypoxia Control 1","15","1270.5","13","808"
"58(1,B8)","Hypoxia Control 1","15","1225","13","640"
"59(1,C8)","Hypoxia Control 1","15","1247","13","702"
"60(1,D8)","Hypoxia Control 2","15","1122","15","542"
"61(1,E8)","Hypoxia Control 2","15","1030","14","616"
"62(1,F8)","Hypoxia Control 2","13","1118.5","13","677"
"63(1,G8)","Hypoxia Control 3","15","1910","14","733"
"64(1,H8)","Hypoxia Control 3","14","1817","13","766"
"65(1,A9)","Hypoxia Control 3","15","2004","14","790"
"66(1,B9)","Hypoxia DEP 1","13","1086","13","714"
"67(1,C9)","Hypoxia DEP 1","14","1224","14","591"
"68(1,D9)","Hypoxia DEP 1","15","1232","15","508"
"69(1,E9)","Hypoxia DEP 2","15","1389","15","681"
"70(1,F9)","Hypoxia DEP 2","15","1420","14","569"
"71(1,G9)","Hypoxia DEP 2","14","1434.5","14","545"
"72(1,H9)","Hypoxia DEP 3","15","1368","15","547"
"73(1,A10)","Hypoxia DEP 3","14","1237","13","857"
"74(1,B10)","Hypoxia DEP 3","13","945","13","654"
"75(1,C10)","Hypoxia Ox66 1","14","1654.5","13","776"
"76(1,D10)","Hypoxia Ox66 1","14","1578.5","13","607"
"77(1,E10)","Hypoxia Ox66 1","14.5","1559","14","656"
"78(1,F10)","Hypoxia Ox66 2","14","1625","13","591"
"79(1,G10)","Hypoxia Ox66 2","15","1504","14","649"
"80(1,H10)","Hypoxia Ox66 2","14","1412","13","764"
"81(1,A11)","Hypoxia Ox66 3","14","1481","14","779"
"82(1,B11)","Hypoxia Ox66 3","14","1206","12","644"
"83(1,C11)","Hypoxia Ox66 3","13.5","1400","13","588"
"84(1,D11)","Hypoxia Mix 1","15","1738","15","712"
"85(1,E11)","Hypoxia Mix 1","14","1806","14","727"
"86(1,F11)","Hypoxia Mix 1","13","1604","13.5","730"
"87(1,G11)","Hypoxia Mix 2","15","1569","15","708"
"88(1,H11)","Hypoxia Mix 2","15","1513","14","802"
"89(1,A12)","Hypoxia Mix 2","14","1445","13","833"
"90(1,B12)","Hypoxia Mix 3","14","1474","13","835"
"91(1,C12)","Hypoxia Mix 3","15","1637","14","664"
"92(1,D12)","Hypoxia Mix 3","15","1557","15","670"
"93(1,E12)","DEP Interference ","13","15","15","709"
"94(1,F12)","DEP Interference ","13","16","14","734"
"95(1,G12)","Ox66 Interference","12","14","12","691"
"96(1,H12)","Ox66 Interference","13","14","13","830"

"DataType:","Net MFI"
"Location","Sample","IL-6","IL-8","TNFa","Total Events"
"1(1,A1)","Background0","0.5","0","0","411"
"2(1,B1)","Background0","-0.5","0","0","368"
"3(1,C1)","Standard 1","0.5","68","2","344"
"4(1,D1)","Standard 1","0.5","69.5","3","330"
"5(1,E1)","Standard2","3.5","367","15","371"
"6(1,F1)","Standard2","4.5","323","16","443"
"7(1,G1)","Standard3","139.5","1752.5","195","837"
"8(1,H1)","Standard3","115.5","1532.5","183","861"
"9(1,A2)","Standard4","5084.5","8921.5","3399","869"
"10(1,B2)","Standard4","4425.5","8502","3146","723"
"11(1,C2)","Standard5","25183.5","25232","14810","722"
"12(1,D2)","Standard5","25532.5","24643","15391.5","602"
"13(1,E2)","Standard6","44920.5","31421","35890","604"
"14(1,F2)","Standard6","44818.5","32954","37328.5","621"
"17(1,A3)","Control1","2515.5","2732","1280","832"
"18(1,B3)","Control1","2233","2582","1136","659"
"19(1,C3)","Control2","11843.5","10419.5","5910","652"
"20(1,D3)","Control2","12277.5","10637","6135","583"
"21(1,E3)","Normoxia Control 1","1.5","1881.5","0","576"
"22(1,F3)","Normoxia Control 1","1.5","1936","0","674"
"23(1,G3)","Normoxia Control 1","1.5","1775.5","3","658"
"24(1,H3)","Normoxia Control 2","1.5","1745","0","805"
"25(1,A4)","Normoxia Control 2","0.5","1684","0","893"
"26(1,B4)","Normoxia Control 2","1.5","1754.5","0","622"
"27(1,C4)","Normoxia Control 3","2.5","2177","1","706"
"28(1,D4)","Normoxia Control 3","2","1943.5","1","536"
"29(1,E4)","Normoxia Control 3","0.5","1790","1","636"
"30(1,F4)","Normoxia DEP 1","2","2248","2","592"
"31(1,G4)","Normoxia DEP 1","2.5","2080","1","878"
"32(1,H4)","Normoxia DEP 1","1.5","2050","1","746"
"33(1,A5)","Normoxia DEP 2","1.5","2124","1","788"
"34(1,B5)","Normoxia DEP 2","1.5","2110","2","516"
"35(1,C5)","Normoxia DEP 2","1.5","2085","1","568"
"36(1,D5)","Normoxia DEP 3","2.5","2240","2","643"
"37(1,E5)","Normoxia DEP 3","2.5","2220","2","671"
"38(1,F5)","Normoxia DEP 3","2.5","2162","2","675"
"39(1,G5)","Normoxia Ox66 1","2.5","3144.5","2","739"
"40(1,H5)","Normoxia Ox66 1","2.5","2924.5","1","841"
"41(1,A6)","Normoxia Ox66 1","1.5","3146.5","-1","672"
"42(1,B6)","Normoxia Ox66 2","1.5","3744","1","575"
"43(1,C6)","Normoxia Ox66 2","1.5","3512","0","761"
"44(1,D6)","Normoxia Ox66 2","1.5","3419","0.5","521"
"45(1,E6)","Normoxia Ox66 3","1.5","3689","0","627"
"46(1,F6)","Normoxia Ox66 3","1.5","3688.5","0","512"
"47(1,G6)","Normoxia Ox66 3","1.5","3747","-1","572"
"48(1,H6)","Normoxia Mix 1","1.5","3575","-1","832"
"49(1,A7)","Normoxia Mix 1","2","3571.5","1","864"
"50(1,B7)","Normoxia Mix 1","1.5","3448","1","625"
"51(1,C7)","Normoxia Mix 2","1.5","2876","1","678"
"52(1,D7)","Normoxia Mix 2","1.5","2909","0","502"
"53(1,E7)","Normoxia Mix 2","2.5","3037","1","679"
"54(1,F7)","Normoxia Mix 3","1.5","3764","0","593"
"55(1,G7)","Normoxia Mix 3","2.5","3561.5","2","550"
"56(1,H7)","Normoxia Mix 3","2.5","3510","1","740"
"57(1,A8)","Hypoxia Control 1","1.5","1256.5","-1","808"
"58(1,B8)","Hypoxia Control 1","1.5","1211","-1","640"
"59(1,C8)","Hypoxia Control 1","1.5","1233","-1","702"
"60(1,D8)","Hypoxia Control 2","1.5","1108","1","542"
"61(1,E8)","Hypoxia Control 2","1.5","1016","0","616"
"62(1,F8)","Hypoxia Control 2","-0.5","1104.5","-1","677"
"63(1,G8)","Hypoxia Control 3","1.5","1896","0","733"
"64(1,H8)","Hypoxia Control 3","0.5","1803","-1","766"
"65(1,A9)","Hypoxia Control 3","1.5","1990","0","790"
"66(1,B9)","Hypoxia DEP 1","-0.5","1072","-1","714"
"67(1,C9)","Hypoxia DEP 1","0.5","1210","0","591"
"68(1,D9)","Hypoxia DEP 1","1.5","1218","1","508"
"69(1,E9)","Hypoxia DEP 2","1.5","1375","1","681"
"70(1,F9)","Hypoxia DEP 2","1.5","1406","0","569"
"71(1,G9)","Hypoxia DEP 2","0.5","1420.5","0","545"
"72(1,H9)","Hypoxia DEP 3","1.5","1354","1","547"
"73(1,A10)","Hypoxia DEP 3","0.5","1223","-1","857"
"74(1,B10)","Hypoxia DEP 3","-0.5","931","-1","654"
"75(1,C10)","Hypoxia Ox66 1","0.5","1640.5","-1","776"
"76(1,D10)","Hypoxia Ox66 1","0.5","1564.5","-1","607"
"77(1,E10)","Hypoxia Ox66 1","1","1545","0","656"
"78(1,F10)","Hypoxia Ox66 2","0.5","1611","-1","591"
"79(1,G10)","Hypoxia Ox66 2","1.5","1490","0","649"
"80(1,H10)","Hypoxia Ox66 2","0.5","1398","-1","764"
"81(1,A11)","Hypoxia Ox66 3","0.5","1467","0","779"
"82(1,B11)","Hypoxia Ox66 3","0.5","1192","-2","644"
"83(1,C11)","Hypoxia Ox66 3","0","1386","-1","588"
"84(1,D11)","Hypoxia Mix 1","1.5","1724","1","712"
"85(1,E11)","Hypoxia Mix 1","0.5","1792","0","727"
"86(1,F11)","Hypoxia Mix 1","-0.5","1590","-0.5","730"
"87(1,G11)","Hypoxia Mix 2","1.5","1555","1","708"
"88(1,H11)","Hypoxia Mix 2","1.5","1499","0","802"
"89(1,A12)","Hypoxia Mix 2","0.5","1431","-1","833"
"90(1,B12)","Hypoxia Mix 3","0.5","1460","-1","835"
"91(1,C12)","Hypoxia Mix 3","1.5","1623","0","664"
"92(1,D12)","Hypoxia Mix 3","1.5","1543","1","670"
"93(1,E12)","DEP Interference ","-0.5","1","1","709"
"94(1,F12)","DEP Interference ","-0.5","2","0","734"
"95(1,G12)","Ox66 Interference","-1.5","0","-2","691"
"96(1,H12)","Ox66 Interference","-0.5","0","-1","830"

"DataType:","Count"
"Location","Sample","IL-6","IL-8","TNFa","Total Events"
"1(1,A1)","Background0","150","130","131","411"
"2(1,B1)","Background0","112","123","133","368"
"3(1,C1)","Standard 1","124","101","119","344"
"4(1,D1)","Standard 1","97","114","119","330"
"5(1,E1)","Standard2","121","110","140","371"
"6(1,F1)","Standard2","149","131","163","443"
"7(1,G1)","Standard3","281","266","290","837"
"8(1,H1)","Standard3","299","268","294","861"
"9(1,A2)","Standard4","282","270","317","869"
"10(1,B2)","Standard4","240","220","263","723"
"11(1,C2)","Standard5","247","212","263","722"
"12(1,D2)","Standard5","185","187","230","602"
"13(1,E2)","Standard6","193","187","224","604"
"14(1,F2)","Standard6","188","201","232","621"
"17(1,A3)","Control1","290","266","276","832"
"18(1,B3)","Control1","220","195","244","659"
"19(1,C3)","Control2","209","226","217","652"
"20(1,D3)","Control2","203","181","199","583"
"21(1,E3)","Normoxia Control 1","200","174","202","576"
"22(1,F3)","Normoxia Control 1","241","205","228","674"
"23(1,G3)","Normoxia Control 1","235","176","247","658"
"24(1,H3)","Normoxia Control 2","263","265","277","805"
"25(1,A4)","Normoxia Control 2","325","261","307","893"
"26(1,B4)","Normoxia Control 2","204","186","232","622"
"27(1,C4)","Normoxia Control 3","241","227","238","706"
"28(1,D4)","Normoxia Control 3","194","168","174","536"
"29(1,E4)","Normoxia Control 3","225","199","212","636"
"30(1,F4)","Normoxia DEP 1","196","191","205","592"
"31(1,G4)","Normoxia DEP 1","299","275","304","878"
"32(1,H4)","Normoxia DEP 1","248","237","261","746"
"33(1,A5)","Normoxia DEP 2","272","230","286","788"
"34(1,B5)","Normoxia DEP 2","183","168","165","516"
"35(1,C5)","Normoxia DEP 2","202","181","185","568"
"36(1,D5)","Normoxia DEP 3","206","189","248","643"
"37(1,E5)","Normoxia DEP 3","238","201","232","671"
"38(1,F5)","Normoxia DEP 3","209","215","251","675"
"39(1,G5)","Normoxia Ox66 1","255","238","246","739"
"40(1,H5)","Normoxia Ox66 1","290","248","303","841"
"41(1,A6)","Normoxia Ox66 1","213","222","237","672"
"42(1,B6)","Normoxia Ox66 2","198","174","203","575"
"43(1,C6)","Normoxia Ox66 2","290","216","255","761"
"44(1,D6)","Normoxia Ox66 2","189","172","160","521"
"45(1,E6)","Normoxia Ox66 3","219","179","229","627"
"46(1,F6)","Normoxia Ox66 3","159","166","187","512"
"47(1,G6)","Normoxia Ox66 3","183","172","217","572"
"48(1,H6)","Normoxia Mix 1","282","279","271","832"
"49(1,A7)","Normoxia Mix 1","282","286","296","864"
"50(1,B7)","Normoxia Mix 1","204","207","214","625"
"51(1,C7)","Normoxia Mix 2","253","199","226","678"
"52(1,D7)","Normoxia Mix 2","180","162","160","502"
"53(1,E7)","Normoxia Mix 2","232","213","234","679"
"54(1,F7)","Normoxia Mix 3","183","197","213","593"
"55(1,G7)","Normoxia Mix 3","166","172","212","550"
"56(1,H7)","Normoxia Mix 3","239","233","268","740"
"57(1,A8)","Hypoxia Control 1","314","242","252","808"
"58(1,B8)","Hypoxia Control 1","227","186","227","640"
"59(1,C8)","Hypoxia Control 1","240","235","227","702"
"60(1,D8)","Hypoxia Control 2","172","159","211","542"
"61(1,E8)","Hypoxia Control 2","198","193","225","616"
"62(1,F8)","Hypoxia Control 2","238","208","231","677"
"63(1,G8)","Hypoxia Control 3","271","217","245","733"
"64(1,H8)","Hypoxia Control 3","262","220","284","766"
"65(1,A9)","Hypoxia Control 3","246","247","297","790"
"66(1,B9)","Hypoxia DEP 1","217","221","276","714"
"67(1,C9)","Hypoxia DEP 1","206","173","212","591"
"68(1,D9)","Hypoxia DEP 1","171","169","168","508"
"69(1,E9)","Hypoxia DEP 2","217","230","234","681"
"70(1,F9)","Hypoxia DEP 2","184","180","205","569"
"71(1,G9)","Hypoxia DEP 2","184","164","197","545"
"72(1,H9)","Hypoxia DEP 3","202","157","188","547"
"73(1,A10)","Hypoxia DEP 3","289","271","297","857"
"74(1,B10)","Hypoxia DEP 3","205","201","248","654"
"75(1,C10)","Hypoxia Ox66 1","251","258","267","776"
"76(1,D10)","Hypoxia Ox66 1","236","180","191","607"
"77(1,E10)","Hypoxia Ox66 1","228","194","234","656"
"78(1,F10)","Hypoxia Ox66 2","200","179","212","591"
"79(1,G10)","Hypoxia Ox66 2","222","185","242","649"
"80(1,H10)","Hypoxia Ox66 2","242","235","287","764"
"81(1,A11)","Hypoxia Ox66 3","261","251","267","779"
"82(1,B11)","Hypoxia Ox66 3","194","203","247","644"
"83(1,C11)","Hypoxia Ox66 3","190","191","207","588"
"84(1,D11)","Hypoxia Mix 1","263","209","240","712"
"85(1,E11)","Hypoxia Mix 1","256","239","232","727"
"86(1,F11)","Hypoxia Mix 1","245","217","268","730"
"87(1,G11)","Hypoxia Mix 2","238","217","253","708"
"88(1,H11)","Hypoxia Mix 2","274","228","300","802"
"89(1,A12)","Hypoxia Mix 2","268","269","296","833"
"90(1,B12)","Hypoxia Mix 3","269","287","279","835"
"91(1,C12)","Hypoxia Mix 3","230","207","227","664"
"92(1,D12)","Hypoxia Mix 3","215","238","217","670"
"93(1,E12)","DEP Interference ","224","218","267","709"
"94(1,F12)","DEP Interference ","246","217","271","734"
"95(1,G12)","Ox66 Interference","217","193","281","691"
"96(1,H12)","Ox66 Interference","287","242","301","830"

"DataType:","Result"
"Location","Sample","IL-6","IL-8","TNFa","Total Events"
"1(1,A1)","Background0","NaN","NaN","NaN","411"
"2(1,B1)","Background0","NaN","NaN","NaN","368"
"3(1,C1)","Standard 1","3.13861795306767","3.14945720826801","2.30691831416054","344"
"4(1,D1)","Standard 1","3.13861795306767","3.22446762581276","4.59853473179727","330"
"5(1,E1)","Standard2","15.6450165296413","17.6542194226981","16.3847150144424","371"
"6(1,F1)","Standard2","17.6377156017411","15.552478751114","17.0672713485576","443"
"7(1,G1)","Standard3","80.3663606267905","82.2237320227613","76.130609374266","837"
"8(1,H1)","Standard3","73.9808761091582","72.0714025066859","73.3136069474128","861"
"9(1,A2)","Standard4","453.580442844241","426.885315832512","473.250466197249","869"
"10(1,B2)","Standard4","418.744275811058","405.124416470711","447.353730495423","723"
"11(1,C2)","Standard5","1720.6157536554","1984.41289345794","1770.66266501853","722"
"12(1,D2)","Standard5","1755.96322986065","1863.49536293435","1855.20221885745","602"
"13(1,E2)","Standard6","> 10000","6944.74561268574","10610.0501847065","604"
"14(1,F2)","Standard6","412103.791095647","> 10000","12763.0413428325","621"
"17(1,A3)","Control1","308.606878653157","127.352354926857","242.276415960251","832"
"18(1,B3)","Control1","290.294013022204","120.438761707878","224.284687368217","659"
"19(1,C3)","Control2","794.806824809472","507.262092595102","725.902637897948","652"
"20(1,D3)","Control2","817.526410012013","519.318822712649","748.674894441248","583"
"21(1,E3)","Normoxia Control 1","9.99880940865834","88.1705508094715","< 3.2","576"
"22(1,F3)","Normoxia Control 1","9.99880940865834","90.6820082710379","< 3.2","674"
"23(1,G3)","Normoxia Control 1","9.99880940865834","83.2842884762906","4.59853473179727","658"
"24(1,H3)","Normoxia Control 2","9.99880940865834","81.8778698824289","< 3.2","805"
"25(1,A4)","Normoxia Control 2","3.13861795306767","79.0642975006203","< 3.2","893"
"26(1,B4)","Normoxia Control 2","9.99880940865834","82.3159595179017","< 3.2","622"
"27(1,C4)","Normoxia Control 3","13.2325351760783","101.783577147238","< 3.2","706"
"28(1,D4)","Normoxia Control 3","11.766486633696","91.0275853354263","< 3.2","536"
"29(1,E4)","Normoxia Control 3","3.13861795306767","83.9528348428985","< 3.2","636"
"30(1,F4)","Normoxia DEP 1","11.766486633696","105.053537206875","2.30691831416054","592"
"31(1,G4)","Normoxia DEP 1","13.2325351760783","97.3158911365096","< 3.2","878"
"32(1,H4)","Normoxia DEP 1","9.99880940865834","95.9340096371803","< 3.2","746"
"33(1,A5)","Normoxia DEP 2","9.99880940865834","99.3425319804259","< 3.2","788"
"34(1,B5)","Normoxia DEP 2","9.99880940865834","98.6977050114501","2.30691831416054","516"
"35(1,C5)","Normoxia DEP 2","9.99880940865834","97.5461977939655","< 3.2","568"
"36(1,D5)","Normoxia DEP 3","13.2325351760783","104.685093458316","2.30691831416054","643"
"37(1,E5)","Normoxia DEP 3","13.2325351760783","103.763983135884","2.30691831416054","671"
"38(1,F5)","Normoxia DEP 3","13.2325351760783","101.092726742485","2.30691831416054","675"
"39(1,G5)","Normoxia Ox66 1","13.2325351760783","146.390126304124","2.30691831416054","739"
"40(1,H5)","Normoxia Ox66 1","13.2325351760783","136.231204323837","< 3.2","841"
"41(1,A6)","Normoxia Ox66 1","9.99880940865834","146.482547010394","< 3.2","672"
"42(1,B6)","Normoxia Ox66 2","9.99880940865834","174.161730887303","< 3.2","575"
"43(1,C6)","Normoxia Ox66 2","9.99880940865834","163.396628616653","< 3.2","761"
"44(1,D6)","Normoxia Ox66 2","9.99880940865834","159.088004927066","< 3.2","521"
"45(1,E6)","Normoxia Ox66 3","9.99880940865834","171.607382074441","< 3.2","627"
"46(1,F6)","Normoxia Ox66 3","9.99880940865834","171.58416743339","< 3.2","512"
"47(1,G6)","Normoxia Ox66 3","9.99880940865834","174.301101542764","< 3.2","572"
"48(1,H6)","Normoxia Mix 1","9.99880940865834","166.31747519835","< 3.2","832"
"49(1,A7)","Normoxia Mix 1","11.766486633696","166.155159943257","< 3.2","864"
"50(1,B7)","Normoxia Mix 1","9.99880940865834","160.431168373575","< 3.2","625"
"51(1,C7)","Normoxia Mix 2","9.99880940865834","133.993399747988","< 3.2","678"
"52(1,D7)","Normoxia Mix 2","9.99880940865834","135.515966363496","< 3.2","502"
"53(1,E7)","Normoxia Mix 2","13.2325351760783","141.424354995807","< 3.2","679"
"54(1,F7)","Normoxia Mix 3","9.99880940865834","175.090952844011","< 3.2","593"
"55(1,G7)","Normoxia Mix 3","13.2325351760783","165.691432199053","2.30691831416054","550"
"56(1,H7)","Normoxia Mix 3","13.2325351760783","163.303931675662","< 3.2","740"
"57(1,A8)","Hypoxia Control 1","9.99880940865834","59.3061253798315","< 3.2","808"
"58(1,B8)","Hypoxia Control 1","9.99880940865834","57.1975287569842","< 3.2","640"
"59(1,C8)","Hypoxia Control 1","9.99880940865834","58.2172426700497","< 3.2","702"
"60(1,D8)","Hypoxia Control 2","9.99880940865834","52.4187570134237","< 3.2","542"
"61(1,E8)","Hypoxia Control 2","9.99880940865834","48.1430576677487","< 3.2","616"
"62(1,F8)","Hypoxia Control 2","< 3.2","52.256227323481","< 3.2","677"
"63(1,G8)","Hypoxia Control 3","9.99880940865834","88.8387845540125","< 3.2","733"
"64(1,H8)","Hypoxia Control 3","3.13861795306767","84.5521801008281","< 3.2","766"
"65(1,A9)","Hypoxia Control 3","9.99880940865834","93.1699909465238","< 3.2","790"
"66(1,B9)","Hypoxia DEP 1","< 3.2","50.7465362976285","< 3.2","714"
"67(1,C9)","Hypoxia DEP 1","3.13861795306767","57.1511702500857","< 3.2","591"
"68(1,D9)","Hypoxia DEP 1","9.99880940865834","57.5220189797946","< 3.2","508"
"69(1,E9)","Hypoxia DEP 2","9.99880940865834","64.7917228918541","< 3.2","681"
"70(1,F9)","Hypoxia DEP 2","9.99880940865834","66.225482931096","< 3.2","569"
"71(1,G9)","Hypoxia DEP 2","3.13861795306767","66.8959451799975","< 3.2","545"
"72(1,H9)","Hypoxia DEP 3","9.99880940865834","63.820178316197","< 3.2","547"
"73(1,A10)","Hypoxia DEP 3","3.13861795306767","57.7537771468977","< 3.2","857"
"74(1,B10)","Hypoxia DEP 3","< 3.2","44.1856070790658","< 3.2","654"
"75(1,C10)","Hypoxia Ox66 1","3.13861795306767","77.0572338879503","< 3.2","776"
"76(1,D10)","Hypoxia Ox66 1","3.13861795306767","73.5491324610461","< 3.2","607"
"77(1,E10)","Hypoxia Ox66 1","7.6534243215653","72.6486883310858","< 3.2","656"
"78(1,F10)","Hypoxia Ox66 2","3.13861795306767","75.6957757611987","< 3.2","591"
"79(1,G10)","Hypoxia Ox66 2","9.99880940865834","70.1081528451755","< 3.2","649"
"80(1,H10)","Hypoxia Ox66 2","3.13861795306767","65.8555276379422","< 3.2","764"
"81(1,A11)","Hypoxia Ox66 3","3.13861795306767","69.0453652883902","< 3.2","779"
"82(1,B11)","Hypoxia Ox66 3","3.13861795306767","56.3165974613577","< 3.2","644"
"83(1,C11)","Hypoxia Ox66 3","< 3.2","65.3005333906815","< 3.2","588"
"84(1,D11)","Hypoxia Mix 1","9.99880940865834","80.9093781320174","< 3.2","712"
"85(1,E11)","Hypoxia Mix 1","3.13861795306767","84.0450443014278","< 3.2","727"
"86(1,F11)","Hypoxia Mix 1","< 3.2","74.7264204603574","< 3.2","730"
"87(1,G11)","Hypoxia Mix 2","9.99880940865834","73.1104728254486","< 3.2","708"
"88(1,H11)","Hypoxia Mix 2","9.99880940865834","70.5239632307841","< 3.2","802"
"89(1,A12)","Hypoxia Mix 2","3.13861795306767","67.3813878048437","< 3.2","833"
"90(1,B12)","Hypoxia Mix 3","3.13861795306767","68.7218611811371","< 3.2","835"
"91(1,C12)","Hypoxia Mix 3","9.99880940865834","76.2496244223658","< 3.2","664"
"92(1,D12)","Hypoxia Mix 3","9.99880940865834","72.5563267524035","< 3.2","670"
"93(1,E12)","DEP Interference ","< 3.2","< 3.2","< 3.2","709"
"94(1,F12)","DEP Interference ","< 3.2","< 3.2","< 3.2","734"
"95(1,G12)","Ox66 Interference","< 3.2","< 3.2","< 3.2","691"
"96(1,H12)","Ox66 Interference","< 3.2","< 3.2","< 3.2","830"

"DataType:","Range"
"Location","Sample","IL-6","IL-8","TNFa","Total Events"
"1(1,A1)","Background0","","","","411"
"2(1,B1)","Background0","","","","368"
"3(1,C1)","Standard 1","","","","344"
"4(1,D1)","Standard 1","","","","330"
"5(1,E1)","Standard2","","","","371"
"6(1,F1)","Standard2","","","","443"
"7(1,G1)","Standard3","","","","837"
"8(1,H1)","Standard3","","","","861"
"9(1,A2)","Standard4","","","","869"
"10(1,B2)","Standard4","","","","723"
"11(1,C2)","Standard5","","","","722"
"12(1,D2)","Standard5","","","","602"
"13(1,E2)","Standard6","","","","604"
"14(1,F2)","Standard6","","","","621"
"17(1,A3)","Control1","","","","832"
"18(1,B3)","Control1","","","","659"
"19(1,C3)","Control2","","","","652"
"20(1,D3)","Control2","","","","583"
"21(1,E3)","Normoxia Control 1","","","","576"
"22(1,F3)","Normoxia Control 1","","","","674"
"23(1,G3)","Normoxia Control 1","","","","658"
"24(1,H3)","Normoxia Control 2","","","","805"
"25(1,A4)","Normoxia Control 2","","","","893"
"26(1,B4)","Normoxia Control 2","","","","622"
"27(1,C4)","Normoxia Control 3","","","","706"
"28(1,D4)","Normoxia Control 3","","","","536"
"29(1,E4)","Normoxia Control 3","","","","636"
"30(1,F4)","Normoxia DEP 1","","","","592"
"31(1,G4)","Normoxia DEP 1","","","","878"
"32(1,H4)","Normoxia DEP 1","","","","746"
"33(1,A5)","Normoxia DEP 2","","","","788"
"34(1,B5)","Normoxia DEP 2","","","","516"
"35(1,C5)","Normoxia DEP 2","","","","568"
"36(1,D5)","Normoxia DEP 3","","","","643"
"37(1,E5)","Normoxia DEP 3","","","","671"
"38(1,F5)","Normoxia DEP 3","","","","675"
"39(1,G5)","Normoxia Ox66 1","","","","739"
"40(1,H5)","Normoxia Ox66 1","","","","841"
"41(1,A6)","Normoxia Ox66 1","","","","672"
"42(1,B6)","Normoxia Ox66 2","","","","575"
"43(1,C6)","Normoxia Ox66 2","","","","761"
"44(1,D6)","Normoxia Ox66 2","","","","521"
"45(1,E6)","Normoxia Ox66 3","","","","627"
"46(1,F6)","Normoxia Ox66 3","","","","512"
"47(1,G6)","Normoxia Ox66 3","","","","572"
"48(1,H6)","Normoxia Mix 1","","","","832"
"49(1,A7)","Normoxia Mix 1","","","","864"
"50(1,B7)","Normoxia Mix 1","","","","625"
"51(1,C7)","Normoxia Mix 2","","","","678"
"52(1,D7)","Normoxia Mix 2","","","","502"
"53(1,E7)","Normoxia Mix 2","","","","679"
"54(1,F7)","Normoxia Mix 3","","","","593"
"55(1,G7)","Normoxia Mix 3","","","","550"
"56(1,H7)","Normoxia Mix 3","","","","740"
"57(1,A8)","Hypoxia Control 1","","","","808"
"58(1,B8)","Hypoxia Control 1","","","","640"
"59(1,C8)","Hypoxia Control 1","","","","702"
"60(1,D8)","Hypoxia Control 2","","","","542"
"61(1,E8)","Hypoxia Control 2","","","","616"
"62(1,F8)","Hypoxia Control 2","","","","677"
"63(1,G8)","Hypoxia Control 3","","","","733"
"64(1,H8)","Hypoxia Control 3","","","","766"
"65(1,A9)","Hypoxia Control 3","","","","790"
"66(1,B9)","Hypoxia DEP 1","","","","714"
"67(1,C9)","Hypoxia DEP 1","","","","591"
"68(1,D9)","Hypoxia DEP 1","","","","508"
"69(1,E9)","Hypoxia DEP 2","","","","681"
"70(1,F9)","Hypoxia DEP 2","","","","569"
"71(1,G9)","Hypoxia DEP 2","","","","545"
"72(1,H9)","Hypoxia DEP 3","","","","547"
"73(1,A10)","Hypoxia DEP 3","","","","857"
"74(1,B10)","Hypoxia DEP 3","","","","654"
"75(1,C10)","Hypoxia Ox66 1","","","","776"
"76(1,D10)","Hypoxia Ox66 1","","","","607"
"77(1,E10)","Hypoxia Ox66 1","","","","656"
"78(1,F10)","Hypoxia Ox66 2","","","","591"
"79(1,G10)","Hypoxia Ox66 2","","","","649"
"80(1,H10)","Hypoxia Ox66 2","","","","764"
"81(1,A11)","Hypoxia Ox66 3","","","","779"
"82(1,B11)","Hypoxia Ox66 3","","","","644"
"83(1,C11)","Hypoxia Ox66 3","","","","588"
"84(1,D11)","Hypoxia Mix 1","","","","712"
"85(1,E11)","Hypoxia Mix 1","","","","727"
"86(1,F11)","Hypoxia Mix 1","","","","730"
"87(1,G11)","Hypoxia Mix 2","","","","708"
"88(1,H11)","Hypoxia Mix 2","","","","802"
"89(1,A12)","Hypoxia Mix 2","","","","833"
"90(1,B12)","Hypoxia Mix 3","","","","835"
"91(1,C12)","Hypoxia Mix 3","","","","664"
"92(1,D12)","Hypoxia Mix 3","","","","670"
"93(1,E12)","DEP Interference ","","","","709"
"94(1,F12)","DEP Interference ","","","","734"
"95(1,G12)","Ox66 Interference","","","","691"
"96(1,H12)","Ox66 Interference","","","","830"

"DataType:","Avg Net MFI"
"Sample","IL-6","IL-8","TNFa"
"Control1","2374.25","2657","1208"
"Control2","12060.5","10528.25","6022.5"
"Standard 1","0.5","68.75","2.5"
"Standard2","4","345","15.5"
"Standard3","127.5","1642.5","189"
"Standard4","4755","8711.75","3272.5"
"Standard5","25358","24937.5","15100.75"
"Standard6","44869.5","32187.5","36609.25"
"Normoxia Control 1","1.5","1864.33333333333","1"
"Normoxia Control 2","1.16666666666667","1727.83333333333","0"
"Normoxia Control 3","1.66666666666667","1970.16666666667","1"
"Normoxia DEP 1","2","2126","1.33333333333333"
"Normoxia DEP 2","1.5","2106.33333333333","1.33333333333333"
"Normoxia DEP 3","2.5","2207.33333333333","2"
"Normoxia Ox66 1","2.16666666666667","3071.83333333333","0.666666666666667"
"Normoxia Ox66 2","1.5","3558.33333333333","0.5"
"Normoxia Ox66 3","1.5","3708.16666666667","-0.333333333333333"
"Normoxia Mix 1","1.66666666666667","3531.5","0.333333333333333"
"Normoxia Mix 2","1.83333333333333","2940.66666666667","0.666666666666667"
"Normoxia Mix 3","2.16666666666667","3611.83333333333","1"
"Hypoxia Control 1","1.5","1233.5","-1"
"Hypoxia Control 2","0.833333333333333","1076.16666666667","0"
"Hypoxia Control 3","1.16666666666667","1896.33333333333","-0.333333333333333"
"Hypoxia DEP 1","0.5","1166.66666666667","0"
"Hypoxia DEP 2","1.16666666666667","1400.5","0.333333333333333"
"Hypoxia DEP 3","0.5","1169.33333333333","-0.333333333333333"
"Hypoxia Ox66 1","0.666666666666667","1583.33333333333","-0.666666666666667"
"Hypoxia Ox66 2","0.833333333333333","1499.66666666667","-0.666666666666667"
"Hypoxia Ox66 3","0.333333333333333","1348.33333333333","-1"
"Hypoxia Mix 1","0.5","1702","0.166666666666667"
"Hypoxia Mix 2","1.16666666666667","1495","0"
"Hypoxia Mix 3","1.16666666666667","1542","0"
"DEP Interference ","-0.5","1.5","0.5"
"Ox66 Interference","-1","0","-1.5"

"DataType:","Avg Result"
"Sample","IL-6","IL-8","TNFa"
"Control1","299.450445837681","123.895558317367","233.280551664234"
"Control2","806.166617410742","513.290457653875","737.288766169598"
"Standard 1","3.13861795306767","3.18696241704038","3.4527265229789"
"Standard2","16.6413660656912","16.6033490869061","16.7259931815"
"Standard3","77.1736183679743","77.1475672647236","74.7221081608394"
"Standard4","436.162359327649","416.004866151611","460.302098346336"
"Standard5","1738.28949175802","1923.95412819614","1812.93244193799"
"Standard6","N/A","N/A","11686.5457637695"
"Normoxia Control 1","9.99880940865834","87.3789491856","N/A"
"Normoxia Control 2","7.71207892346145","81.086042300317","< 3.2"
"Normoxia Control 3","9.37921325428067","92.2546657751875","< 3.2"
"Normoxia DEP 1","11.6659437394776","99.4344793268551","N/A"
"Normoxia DEP 2","9.99880940865834","98.5288115952805","N/A"
"Normoxia DEP 3","13.2325351760783","103.180601112228","2.30691831416054"
"Normoxia Ox66 1","12.1546265869383","143.034625879452","N/A"
"Normoxia Ox66 2","9.99880940865834","165.548788143674","< 3.2"
"Normoxia Ox66 3","9.99880940865834","172.497550350198","< 3.2"
"Normoxia Mix 1","10.5880351503376","164.301267838394","< 3.2"
"Normoxia Mix 2","11.0767179977983","136.977907035764","< 3.2"
"Normoxia Mix 3","12.1546265869383","168.028772239575","N/A"
"Hypoxia Control 1","9.99880940865834","58.2402989356218","< 3.2"
"Hypoxia Control 2","N/A","50.9393473348844","< 3.2"
"Hypoxia Control 3","7.71207892346145","88.8536518671215","< 3.2"
"Hypoxia DEP 1","N/A","55.1399085091696","< 3.2"
"Hypoxia DEP 2","7.71207892346145","65.9710503343159","< 3.2"
"Hypoxia DEP 3","N/A","55.2531875140535","< 3.2"
"Hypoxia Ox66 1","4.64355340923354","74.4183515600274","< 3.2"
"Hypoxia Ox66 2","5.42534843826456","70.5531520814388","< 3.2"
"Hypoxia Ox66 3","N/A","63.5541653801431","< 3.2"
"Hypoxia Mix 1","N/A","79.8936142979342","< 3.2"
"Hypoxia Mix 2","7.71207892346145","70.3386079536921","< 3.2"
"Hypoxia Mix 3","7.71207892346145","72.5092707853021","< 3.2"
"DEP Interference ","< 3.2","< 3.2","< 3.2"
"Ox66 Interference","< 3.2","< 3.2","< 3.2"

"DataType:","Avg Range"
"Sample","IL-6","IL-8","TNFa"
"Control1","","",""
"Control2","","",""
"Standard 1","","",""
"Standard2","","",""
"Standard3","","",""
"Standard4","","",""
"Standard5","","",""
"Standard6","","",""
"Normoxia Control 1","","",""
"Normoxia Control 2","","",""
"Normoxia Control 3","","",""
"Normoxia DEP 1","","",""
"Normoxia DEP 2","","",""
"Normoxia DEP 3","","",""
"Normoxia Ox66 1","","",""
"Normoxia Ox66 2","","",""
"Normoxia Ox66 3","","",""
"Normoxia Mix 1","","",""
"Normoxia Mix 2","","",""
"Normoxia Mix 3","","",""
"Hypoxia Control 1","","",""
"Hypoxia Control 2","","",""
"Hypoxia Control 3","","",""
"Hypoxia DEP 1","","",""
"Hypoxia DEP 2","","",""
"Hypoxia DEP 3","","",""
"Hypoxia Ox66 1","","",""
"Hypoxia Ox66 2","","",""
"Hypoxia Ox66 3","","",""
"Hypoxia Mix 1","","",""
"Hypoxia Mix 2","","",""
"Hypoxia Mix 3","","",""
"DEP Interference ","","",""
"Ox66 Interference","","",""

"DataType:","Mean"
"Location","Sample","IL-6","IL-8","TNFa","Total Events"
"1(1,A1)","Background0","14.17","17.25","16.19","411"
"2(1,B1)","Background0","16.9","16.32","19.48","368"
"3(1,C1)","Standard 1","14.17","157.29","18.24","344"
"4(1,D1)","Standard 1","15.37","87.2","19.41","330"
"5(1,E1)","Standard2","17.22","388.03","29.34","371"
"6(1,F1)","Standard2","18.68","335.63","31.66","443"
"7(1,G1)","Standard3","161.3","1686.28","212.5","837"
"8(1,H1)","Standard3","136.79","1545.38","198.06","861"
"9(1,A2)","Standard4","5010.12","8564.72","3655.25","869"
"10(1,B2)","Standard4","4492.18","8511.15","3215.24","723"
"11(1,C2)","Standard5","23558.31","24107.59","13814.49","722"
"12(1,D2)","Standard5","22984.23","22405.67","14573.4","602"
"13(1,E2)","Standard6","40696.48","29488.33","30277.67","604"
"14(1,F2)","Standard6","43468.76","31324.03","34474.05","621"
"17(1,A3)","Control1","2731.75","2735.47","1482.84","832"
"18(1,B3)","Control1","2303.98","2551.03","1134.6","659"
"19(1,C3)","Control2","11947.8","9643.98","5283.69","652"
"20(1,D3)","Control2","11503.21","9637.69","5753.64","583"
"21(1,E3)","Normoxia Control 1","82.26","1846.68","40.52","576"
"22(1,F3)","Normoxia Control 1","16.56","1900.62","26.52","674"
"23(1,G3)","Normoxia Control 1","89.18","1680.33","20.18","658"
"24(1,H3)","Normoxia Control 2","16.68","1755.49","16.2","805"
"25(1,A4)","Normoxia Control 2","17.03","1598.34","16.52","893"
"26(1,B4)","Normoxia Control 2","15.82","1760.74","53.94","622"
"27(1,C4)","Normoxia Control 3","17.83","2371.81","20.25","706"
"28(1,D4)","Normoxia Control 3","16.12","1886.05","16.5","536"
"29(1,E4)","Normoxia Control 3","16.64","1828.09","16.92","636"
"30(1,F4)","Normoxia DEP 1","16.97","2333.08","17.64","592"
"31(1,G4)","Normoxia DEP 1","17.09","2114.44","20.15","878"
"32(1,H4)","Normoxia DEP 1","16.72","1935.19","27.88","746"
"33(1,A5)","Normoxia DEP 2","15.83","2056.22","21.9","788"
"34(1,B5)","Normoxia DEP 2","16.98","2203.43","18.39","516"
"35(1,C5)","Normoxia DEP 2","16.44","2102.5","27.39","568"
"36(1,D5)","Normoxia DEP 3","16.65","2286.84","19.08","643"
"37(1,E5)","Normoxia DEP 3","17.5","2246.38","18.01","671"
"38(1,F5)","Normoxia DEP 3","16.89","2143.31","40.71","675"
"39(1,G5)","Normoxia Ox66 1","17.39","3260.92","17.99","739"
"40(1,H5)","Normoxia Ox66 1","17.15","2990.74","30.88","841"
"41(1,A6)","Normoxia Ox66 1","102.2","3175.31","14.73","672"
"42(1,B6)","Normoxia Ox66 2","17.23","4129.9","35.67","575"
"43(1,C6)","Normoxia Ox66 2","16.17","3532.75","16.48","761"
"44(1,D6)","Normoxia Ox66 2","16.07","3179.16","16.87","521"
"45(1,E6)","Normoxia Ox66 3","16.74","3662.49","16.83","627"
"46(1,F6)","Normoxia Ox66 3","15.44","3422.11","16.11","512"
"47(1,G6)","Normoxia Ox66 3","15.52","3681.73","16.02","572"
"48(1,H6)","Normoxia Mix 1","17.48","3700.62","18.4","832"
"49(1,A7)","Normoxia Mix 1","16.39","3293.1","18.13","864"
"50(1,B7)","Normoxia Mix 1","17.64","3539.58","71.72","625"
"51(1,C7)","Normoxia Mix 2","16.74","2941","17.51","678"
"52(1,D7)","Normoxia Mix 2","16.72","3048.26","16.66","502"
"53(1,E7)","Normoxia Mix 2","19.44","3208.99","109.2","679"
"54(1,F7)","Normoxia Mix 3","16.21","4011.81","16.92","593"
"55(1,G7)","Normoxia Mix 3","17.16","3538.03","29.43","550"
"56(1,H7)","Normoxia Mix 3","18.2","3406.21","17.72","740"
"57(1,A8)","Hypoxia Control 1","15.5","1343.6","15.86","808"
"58(1,B8)","Hypoxia Control 1","15.27","1242.46","15.8","640"
"59(1,C8)","Hypoxia Control 1","15.85","1282","14.48","702"
"60(1,D8)","Hypoxia Control 2","58.24","1620.17","18.76","542"
"61(1,E8)","Hypoxia Control 2","15.08","1023.63","19.2","616"
"62(1,F8)","Hypoxia Control 2","14.58","1185.75","14.77","677"
"63(1,G8)","Hypoxia Control 3","16.75","1942.89","17.42","733"
"64(1,H8)","Hypoxia Control 3","15.12","1911.48","23.07","766"
"65(1,A9)","Hypoxia Control 3","16.46","1979.03","16.97","790"
"66(1,B9)","Hypoxia DEP 1","14.85","1110.48","26.89","714"
"67(1,C9)","Hypoxia DEP 1","16.04","1240.67","17.25","591"
"68(1,D9)","Hypoxia DEP 1","17.01","1304.69","17.68","508"
"69(1,E9)","Hypoxia DEP 2","16.5","1402.03","16.32","681"
"70(1,F9)","Hypoxia DEP 2","17.99","1369.99","18.34","569"
"71(1,G9)","Hypoxia DEP 2","27.54","1444.06","15.92","545"
"72(1,H9)","Hypoxia DEP 3","16.37","1407.94","15.82","547"
"73(1,A10)","Hypoxia DEP 3","15.91","1274.16","16.83","857"
"74(1,B10)","Hypoxia DEP 3","14.24","1009.45","16.96","654"
"75(1,C10)","Hypoxia Ox66 1","17.95","1681.77","15.46","776"
"76(1,D10)","Hypoxia Ox66 1","15.31","1606.5","15.24","607"
"77(1,E10)","Hypoxia Ox66 1","15.77","1550.27","15.68","656"
"78(1,F10)","Hypoxia Ox66 2","15.4","1685.44","14.41","591"
"79(1,G10)","Hypoxia Ox66 2","15.99","1616.34","23.07","649"
"80(1,H10)","Hypoxia Ox66 2","15.41","1387.05","16.83","764"
"81(1,A11)","Hypoxia Ox66 3","15.3","1474.94","16.06","779"
"82(1,B11)","Hypoxia Ox66 3","14.36","1275.29","12.77","644"
"83(1,C11)","Hypoxia Ox66 3","14.03","1560.04","24.5","588"
"84(1,D11)","Hypoxia Mix 1","15.78","1785.55","17.97","712"
"85(1,E11)","Hypoxia Mix 1","15.36","1777.15","15.62","727"
"86(1,F11)","Hypoxia Mix 1","14.24","1600.74","15","730"
"87(1,G11)","Hypoxia Mix 2","15.9","1678.73","17.11","708"
"88(1,H11)","Hypoxia Mix 2","15.48","1569.57","15.18","802"
"89(1,A12)","Hypoxia Mix 2","14.75","1477.04","14.48","833"
"90(1,B12)","Hypoxia Mix 3","15.5","1557.91","26.42","835"
"91(1,C12)","Hypoxia Mix 3","15.86","1668.03","18.82","664"
"92(1,D12)","Hypoxia Mix 3","15.81","1591.71","16.84","670"
"93(1,E12)","DEP Interference ","13.87","35.38","15.85","709"
"94(1,F12)","DEP Interference ","15.67","16.62","15.53","734"
"95(1,G12)","Ox66 Interference","13.83","14.44","13.57","691"
"96(1,H12)","Ox66 Interference","13.62","14.45","14.18","830"

"DataType:","%CV"
"Location","Sample","IL-6","IL-8","TNFa","Total Events"
"1(1,A1)","Background0","31.16","147.69","69.24","411"
"2(1,B1)","Background0","114.02","89.29","163.68","368"
"3(1,C1)","Standard 1","32.11","344.48","46.7","344"
"4(1,D1)","Standard 1","35.56","41.28","46.48","330"
"5(1,E1)","Standard2","34.76","32.72","39.92","371"
"6(1,F1)","Standard2","32.96","47.01","45.89","443"
"7(1,G1)","Standard3","71.27","50.64","49.63","837"
"8(1,H1)","Standard3","47.26","53.01","43.87","861"
"9(1,A2)","Standard4","36.38","32.32","105.16","869"
"10(1,B2)","Standard4","33.6","32.82","39.43","723"
"11(1,C2)","Standard5","38.03","28.5","39.23","722"
"12(1,D2)","Standard5","41.18","36.01","44.29","602"
"13(1,E2)","Standard6","37.74","40.64","53.83","604"
"14(1,F2)","Standard6","22.74","30.99","40.33","621"
"17(1,A3)","Control1","81.05","71.31","226.65","832"
"18(1,B3)","Control1","54.79","36.38","43.32","659"
"19(1,C3)","Control2","51.12","38.44","47.5","652"
"20(1,D3)","Control2","43.38","42.83","40.51","583"
"21(1,E3)","Normoxia Control 1","862.13","42.31","773.04","576"
"22(1,F3)","Normoxia Control 1","68.02","44.65","569.67","674"
"23(1,G3)","Normoxia Control 1","1115.48","48.74","71.34","658"
"24(1,H3)","Normoxia Control 2","67.5","29.87","51.36","805"
"25(1,A4)","Normoxia Control 2","76.77","48.54","92.38","893"
"26(1,B4)","Normoxia Control 2","37.77","47.17","1088.57","622"
"27(1,C4)","Normoxia Control 3","62.44","46.56","203.92","706"
"28(1,D4)","Normoxia Control 3","30.64","39.99","42.42","536"
"29(1,E4)","Normoxia Control 3","58.77","51.82","50.53","636"
"30(1,F4)","Normoxia DEP 1","36.79","33.53","49.76","592"
"31(1,G4)","Normoxia DEP 1","33.57","29.66","209.12","878"
"32(1,H4)","Normoxia DEP 1","75.06","40.04","584.88","746"
"33(1,A5)","Normoxia DEP 2","41.38","36.08","301.81","788"
"34(1,B5)","Normoxia DEP 2","59.46","47.11","46.78","516"
"35(1,C5)","Normoxia DEP 2","52.05","59.03","406.13","568"
"36(1,D5)","Normoxia DEP 3","35.58","35.67","69.28","643"
"37(1,E5)","Normoxia DEP 3","60.65","29.58","62.28","671"
"38(1,F5)","Normoxia DEP 3","48.97","36.67","801.34","675"
"39(1,G5)","Normoxia Ox66 1","29.66","30.58","48.29","739"
"40(1,H5)","Normoxia Ox66 1","49.73","40.68","737.67","841"
"41(1,A6)","Normoxia Ox66 1","1234.69","32.72","40.62","672"
"42(1,B6)","Normoxia Ox66 2","95.32","54.14","705.55","575"
"43(1,C6)","Normoxia Ox66 2","37.76","37.73","115.65","761"
"44(1,D6)","Normoxia Ox66 2","41.93","46.8","59.01","521"
"45(1,E6)","Normoxia Ox66 3","44.87","33.03","108.22","627"
"46(1,F6)","Normoxia Ox66 3","31.2","36.91","77.51","512"
"47(1,G6)","Normoxia Ox66 3","30.95","37.94","69.84","572"
"48(1,H6)","Normoxia Mix 1","56.78","30.32","185.46","832"
"49(1,A7)","Normoxia Mix 1","34.65","56.29","66.74","864"
"50(1,B7)","Normoxia Mix 1","67.62","31.95","721.14","625"
"51(1,C7)","Normoxia Mix 2","42.8","38.09","65.02","678"
"52(1,D7)","Normoxia Mix 2","36.12","50.98","90.92","502"
"53(1,E7)","Normoxia Mix 2","182.83","33.51","1020.93","679"
"54(1,F7)","Normoxia Mix 3","46.18","75.85","60.57","593"
"55(1,G7)","Normoxia Mix 3","42.13","52.38","570.78","550"
"56(1,H7)","Normoxia Mix 3","57.28","44.32","89.44","740"
"57(1,A8)","Hypoxia Control 1","30.42","71.45","60.78","808"
"58(1,B8)","Hypoxia Control 1","26.5","25.6","60.81","640"
"59(1,C8)","Hypoxia Control 1","33.45","35.43","40.78","702"
"60(1,D8)","Hypoxia Control 2","956.08","346.47","194.01","542"
"61(1,E8)","Hypoxia Control 2","25.46","33.39","342.52","616"
"62(1,F8)","Hypoxia Control 2","36.33","40.59","44.42","677"
"63(1,G8)","Hypoxia Control 3","66.15","30.28","136.86","733"
"64(1,H8)","Hypoxia Control 3","34.84","57.16","627.1","766"
"65(1,A9)","Hypoxia Control 3","103.94","52.81","65.69","790"
"66(1,B9)","Hypoxia DEP 1","79.24","44.48","585.57","714"
"67(1,C9)","Hypoxia DEP 1","45.48","60.28","83.29","591"
"68(1,D9)","Hypoxia DEP 1","40.6","39.56","72.1","508"
"69(1,E9)","Hypoxia DEP 2","49.73","47.22","42.43","681"
"70(1,F9)","Hypoxia DEP 2","96.88","43.83","120.53","569"
"71(1,G9)","Hypoxia DEP 2","634.14","29.19","53.83","545"
"72(1,H9)","Hypoxia DEP 3","34.79","38.42","33.75","547"
"73(1,A10)","Hypoxia DEP 3","60.74","56.63","147.5","857"
"74(1,B10)","Hypoxia DEP 3","32.69","73.59","192.5","654"
"75(1,C10)","Hypoxia Ox66 1","228.15","51.44","58.82","776"
"76(1,D10)","Hypoxia Ox66 1","45.62","43.28","49.43","607"
"77(1,E10)","Hypoxia Ox66 1","39.04","41.13","36.83","656"
"78(1,F10)","Hypoxia Ox66 2","55.48","26.46","42.1","591"
"79(1,G10)","Hypoxia Ox66 2","42.11","43.03","488","649"
"80(1,H10)","Hypoxia Ox66 2","29.76","40.45","232.49","764"
"81(1,A11)","Hypoxia Ox66 3","35.87","60.14","43.06","779"
"82(1,B11)","Hypoxia Ox66 3","41.66","42.46","33.36","644"
"83(1,C11)","Hypoxia Ox66 3","27.39","47.1","517.34","588"
"84(1,D11)","Hypoxia Mix 1","30.45","37.58","94.85","712"
"85(1,E11)","Hypoxia Mix 1","42.94","35.6","42.15","727"
"86(1,F11)","Hypoxia Mix 1","28.74","34.8","45.88","730"
"87(1,G11)","Hypoxia Mix 2","40.46","42.78","55.91","708"
"88(1,H11)","Hypoxia Mix 2","37.59","44.47","42.86","802"
"89(1,A12)","Hypoxia Mix 2","28.39","25.73","49.9","833"
"90(1,B12)","Hypoxia Mix 3","69.69","37.72","781.1","835"
"91(1,C12)","Hypoxia Mix 3","37.55","28.41","220.53","664"
"92(1,D12)","Hypoxia Mix 3","32.29","33.08","51.51","670"
"93(1,E12)","DEP Interference ","30.06","474.24","41.09","709"
"94(1,F12)","DEP Interference ","198.89","30.4","51.73","734"
"95(1,G12)","Ox66 Interference","54.95","32.77","54.97","691"
"96(1,H12)","Ox66 Interference","26.13","32.13","48.1","830"

"DataType:","Peak"
"Location","Sample","IL-6","IL-8","TNFa","Total Events"
"1(1,A1)","Background0","12","14","12","411"
"2(1,B1)","Background0","12","12","13","368"
"3(1,C1)","Standard 1","11","77","13","344"
"4(1,D1)","Standard 1","11","77","15","330"
"5(1,E1)","Standard2","18","355","28","371"
"6(1,F1)","Standard2","16","338","28","443"
"7(1,G1)","Standard3","191","1809","200","837"
"8(1,H1)","Standard3","117","1537","176","861"
"9(1,A2)","Standard4","5446","9220","3774","869"
"10(1,B2)","Standard4","4115","8190","3756","723"
"11(1,C2)","Standard5","25651","25723","14424","722"
"12(1,D2)","Standard5","25623","26729","16386","602"
"13(1,E2)","Standard6","46814","37831","39847","604"
"14(1,F2)","Standard6","45769","37162","40239","621"
"17(1,A3)","Control1","2413","2955","1306","832"
"18(1,B3)","Control1","2303","2621","1203","659"
"19(1,C3)","Control2","13398","10466","6937","652"
"20(1,D3)","Control2","13337","11848","6150","583"
"21(1,E3)","Normoxia Control 1","11","1816","10","576"
"22(1,F3)","Normoxia Control 1","13","1963","11","674"
"23(1,G3)","Normoxia Control 1","15","1888","16","658"
"24(1,H3)","Normoxia Control 2","14","1889","12","805"
"25(1,A4)","Normoxia Control 2","14","1968","13","893"
"26(1,B4)","Normoxia Control 2","13","1887","14","622"
"27(1,C4)","Normoxia Control 3","12","2418","12","706"
"28(1,D4)","Normoxia Control 3","16","2126","15","536"
"29(1,E4)","Normoxia Control 3","13","1605","13","636"
"30(1,F4)","Normoxia DEP 1","14","2405","13","592"
"31(1,G4)","Normoxia DEP 1","14","2226","15","878"
"32(1,H4)","Normoxia DEP 1","15","2136","14","746"
"33(1,A5)","Normoxia DEP 2","15","2131","15","788"
"34(1,B5)","Normoxia DEP 2","13","2143","14","516"
"35(1,C5)","Normoxia DEP 2","14","2048","13","568"
"36(1,D5)","Normoxia DEP 3","16","2322","15","643"
"37(1,E5)","Normoxia DEP 3","14","2230","13","671"
"38(1,F5)","Normoxia DEP 3","13","2225","13","675"
"39(1,G5)","Normoxia Ox66 1","15","2838","13","739"
"40(1,H5)","Normoxia Ox66 1","14","2737","12","841"
"41(1,A6)","Normoxia Ox66 1","13","2959","11","672"
"42(1,B6)","Normoxia Ox66 2","15","3064","10","575"
"43(1,C6)","Normoxia Ox66 2","14","3908","13","761"
"44(1,D6)","Normoxia Ox66 2","13","3344","14","521"
"45(1,E6)","Normoxia Ox66 3","14","4264","12","627"
"46(1,F6)","Normoxia Ox66 3","13","4461","11","512"
"47(1,G6)","Normoxia Ox66 3","15","4262","10","572"
"48(1,H6)","Normoxia Mix 1","14","3919","12","832"
"49(1,A7)","Normoxia Mix 1","14","4629","13","864"
"50(1,B7)","Normoxia Mix 1","13","3781","14","625"
"51(1,C7)","Normoxia Mix 2","17","2953","12","678"
"52(1,D7)","Normoxia Mix 2","14","3082","13","502"
"53(1,E7)","Normoxia Mix 2","14","3079","12","679"
"54(1,F7)","Normoxia Mix 3","13","4083","14","593"
"55(1,G7)","Normoxia Mix 3","13","4090","15","550"
"56(1,H7)","Normoxia Mix 3","15","3930","11","740"
"57(1,A8)","Hypoxia Control 1","11","1357","12","808"
"58(1,B8)","Hypoxia Control 1","15","1300","12","640"
"59(1,C8)","Hypoxia Control 1","13","1198","13","702"
"60(1,D8)","Hypoxia Control 2","14","1157","11","542"
"61(1,E8)","Hypoxia Control 2","15","1016","14","616"
"62(1,F8)","Hypoxia Control 2","13","1111","13","677"
"63(1,G8)","Hypoxia Control 3","15","1884","14","733"
"64(1,H8)","Hypoxia Control 3","14","1745","13","766"
"65(1,A9)","Hypoxia Control 3","15","1974","13","790"
"66(1,B9)","Hypoxia DEP 1","12","1067","12","714"
"67(1,C9)","Hypoxia DEP 1","14","1255","11","591"
"68(1,D9)","Hypoxia DEP 1","14","1198","14","508"
"69(1,E9)","Hypoxia DEP 2","13","1357","13","681"
"70(1,F9)","Hypoxia DEP 2","16","1473","12","569"
"71(1,G9)","Hypoxia DEP 2","13","1539","13","545"
"72(1,H9)","Hypoxia DEP 3","13","1360","12","547"
"73(1,A10)","Hypoxia DEP 3","12","1251","13","857"
"74(1,B10)","Hypoxia DEP 3","13","939","13","654"
"75(1,C10)","Hypoxia Ox66 1","13","1810","13","776"
"76(1,D10)","Hypoxia Ox66 1","12","1598","13","607"
"77(1,E10)","Hypoxia Ox66 1","13","1603","15","656"
"78(1,F10)","Hypoxia Ox66 2","14","1480","11","591"
"79(1,G10)","Hypoxia Ox66 2","15","1481","13","649"
"80(1,H10)","Hypoxia Ox66 2","14","1482","11","764"
"81(1,A11)","Hypoxia Ox66 3","14","1607","14","779"
"82(1,B11)","Hypoxia Ox66 3","13","1207","11","644"
"83(1,C11)","Hypoxia Ox66 3","13","1297","11","588"
"84(1,D11)","Hypoxia Mix 1","14","1742","12","712"
"85(1,E11)","Hypoxia Mix 1","12","1966","12","727"
"86(1,F11)","Hypoxia Mix 1","12","1809","13","730"
"87(1,G11)","Hypoxia Mix 2","13","1729","12","708"
"88(1,H11)","Hypoxia Mix 2","15","1476","12","802"
"89(1,A12)","Hypoxia Mix 2","12","1422","12","833"
"90(1,B12)","Hypoxia Mix 3","13","1534","13","835"
"91(1,C12)","Hypoxia Mix 3","15","1666","13","664"
"92(1,D12)","Hypoxia Mix 3","16","1416","13","670"
"93(1,E12)","DEP Interference ","12","12","15","709"
"94(1,F12)","DEP Interference ","13","15","12","734"
"95(1,G12)","Ox66 Interference","12","12","10","691"
"96(1,H12)","Ox66 Interference","14","12","12","830"

"DataType:","Std Dev"
"Location","Sample","IL-6","IL-8","TNFa","Total Events"
"1(1,A1)","Background0","4.42","25.48","11.21","411"
"2(1,B1)","Background0","19.27","14.57","31.89","368"
"3(1,C1)","Standard 1","4.55","541.83","8.52","344"
"4(1,D1)","Standard 1","5.47","36","9.02","330"
"5(1,E1)","Standard2","5.99","126.97","11.71","371"
"6(1,F1)","Standard2","6.16","157.76","14.53","443"
"7(1,G1)","Standard3","114.95","853.98","105.46","837"
"8(1,H1)","Standard3","64.65","819.27","86.9","861"
"9(1,A2)","Standard4","1822.74","2768.15","3843.77","869"
"10(1,B2)","Standard4","1509.37","2793.37","1267.67","723"
"11(1,C2)","Standard5","8958.57","6870.03","5419.81","722"
"12(1,D2)","Standard5","9465.74","8067.72","6454.59","602"
"13(1,E2)","Standard6","15359.17","11983.02","16298.03","604"
"14(1,F2)","Standard6","9884.52","9706.5","13903.19","621"
"17(1,A3)","Control1","2214.05","1950.69","3360.89","832"
"18(1,B3)","Control1","1262.27","928.11","491.45","659"
"19(1,C3)","Control2","6108.06","3707.34","2509.67","652"
"20(1,D3)","Control2","4990.41","4127.97","2330.59","583"
"21(1,E3)","Normoxia Control 1","709.15","781.34","313.23","576"
"22(1,F3)","Normoxia Control 1","11.27","848.69","151.06","674"
"23(1,G3)","Normoxia Control 1","994.82","818.91","14.4","658"
"24(1,H3)","Normoxia Control 2","11.26","524.28","8.32","805"
"25(1,A4)","Normoxia Control 2","13.07","775.77","15.26","893"
"26(1,B4)","Normoxia Control 2","5.98","830.45","587.17","622"
"27(1,C4)","Normoxia Control 3","11.13","1104.31","41.3","706"
"28(1,D4)","Normoxia Control 3","4.94","754.29","7","536"
"29(1,E4)","Normoxia Control 3","9.78","947.3","8.55","636"
"30(1,F4)","Normoxia DEP 1","6.24","782.18","8.78","592"
"31(1,G4)","Normoxia DEP 1","5.74","627.15","42.15","878"
"32(1,H4)","Normoxia DEP 1","12.55","774.84","163.07","746"
"33(1,A5)","Normoxia DEP 2","6.55","741.86","66.08","788"
"34(1,B5)","Normoxia DEP 2","10.09","1038.07","8.6","516"
"35(1,C5)","Normoxia DEP 2","8.56","1241.01","111.24","568"
"36(1,D5)","Normoxia DEP 3","5.92","815.73","13.22","643"
"37(1,E5)","Normoxia DEP 3","10.61","664.45","11.22","671"
"38(1,F5)","Normoxia DEP 3","8.27","785.88","326.22","675"
"39(1,G5)","Normoxia Ox66 1","5.16","997.08","8.69","739"
"40(1,H5)","Normoxia Ox66 1","8.53","1216.71","227.82","841"
"41(1,A6)","Normoxia Ox66 1","1261.88","1038.85","5.98","672"
"42(1,B6)","Normoxia Ox66 2","16.43","2235.73","251.63","575"
"43(1,C6)","Normoxia Ox66 2","6.11","1332.9","19.06","761"
"44(1,D6)","Normoxia Ox66 2","6.74","1487.8","9.95","521"
"45(1,E6)","Normoxia Ox66 3","7.51","1209.64","18.22","627"
"46(1,F6)","Normoxia Ox66 3","4.82","1262.98","12.49","512"
"47(1,G6)","Normoxia Ox66 3","4.8","1396.92","11.19","572"
"48(1,H6)","Normoxia Mix 1","9.92","1122.15","34.12","832"
"49(1,A7)","Normoxia Mix 1","5.68","1853.57","12.1","864"
"50(1,B7)","Normoxia Mix 1","11.93","1130.75","517.2","625"
"51(1,C7)","Normoxia Mix 2","7.16","1120.12","11.39","678"
"52(1,D7)","Normoxia Mix 2","6.04","1553.89","15.15","502"
"53(1,E7)","Normoxia Mix 2","35.53","1075.46","1114.86","679"
"54(1,F7)","Normoxia Mix 3","7.49","3042.82","10.25","593"
"55(1,G7)","Normoxia Mix 3","7.23","1853.31","167.98","550"
"56(1,H7)","Normoxia Mix 3","10.43","1509.53","15.84","740"
"57(1,A8)","Hypoxia Control 1","4.72","960.02","9.64","808"
"58(1,B8)","Hypoxia Control 1","4.05","318.11","9.61","640"
"59(1,C8)","Hypoxia Control 1","5.3","454.26","5.91","702"
"60(1,D8)","Hypoxia Control 2","556.8","5613.38","36.39","542"
"61(1,E8)","Hypoxia Control 2","3.84","341.78","65.78","616"
"62(1,F8)","Hypoxia Control 2","5.3","481.33","6.56","677"
"63(1,G8)","Hypoxia Control 3","11.08","588.3","23.84","733"
"64(1,H8)","Hypoxia Control 3","5.27","1092.59","144.7","766"
"65(1,A9)","Hypoxia Control 3","17.11","1045.04","11.15","790"
"66(1,B9)","Hypoxia DEP 1","11.77","493.94","157.45","714"
"67(1,C9)","Hypoxia DEP 1","7.3","747.85","14.37","591"
"68(1,D9)","Hypoxia DEP 1","6.9","516.17","12.75","508"
"69(1,E9)","Hypoxia DEP 2","8.2","662.07","6.92","681"
"70(1,F9)","Hypoxia DEP 2","17.43","600.45","22.11","569"
"71(1,G9)","Hypoxia DEP 2","174.63","421.58","8.57","545"
"72(1,H9)","Hypoxia DEP 3","5.69","540.88","5.34","547"
"73(1,A10)","Hypoxia DEP 3","9.66","721.58","24.82","857"
"74(1,B10)","Hypoxia DEP 3","4.66","742.86","32.66","654"
"75(1,C10)","Hypoxia Ox66 1","40.95","865.12","9.09","776"
"76(1,D10)","Hypoxia Ox66 1","6.98","695.28","7.53","607"
"77(1,E10)","Hypoxia Ox66 1","6.16","637.63","5.78","656"
"78(1,F10)","Hypoxia Ox66 2","8.54","445.95","6.07","591"
"79(1,G10)","Hypoxia Ox66 2","6.73","695.44","112.56","649"
"80(1,H10)","Hypoxia Ox66 2","4.59","561.06","39.12","764"
"81(1,A11)","Hypoxia Ox66 3","5.49","887.05","6.92","779"
"82(1,B11)","Hypoxia Ox66 3","5.98","541.54","4.26","644"
"83(1,C11)","Hypoxia Ox66 3","3.84","734.83","126.74","588"
"84(1,D11)","Hypoxia Mix 1","4.8","671.01","17.04","712"
"85(1,E11)","Hypoxia Mix 1","6.59","632.69","6.58","727"
"86(1,F11)","Hypoxia Mix 1","4.09","557.08","6.88","730"
"87(1,G11)","Hypoxia Mix 2","6.43","718.17","9.57","708"
"88(1,H11)","Hypoxia Mix 2","5.82","698.06","6.51","802"
"89(1,A12)","Hypoxia Mix 2","4.19","379.99","7.23","833"
"90(1,B12)","Hypoxia Mix 3","10.8","587.61","206.39","835"
"91(1,C12)","Hypoxia Mix 3","5.95","473.85","41.5","664"
"92(1,D12)","Hypoxia Mix 3","5.11","526.47","8.68","670"
"93(1,E12)","DEP Interference ","4.17","167.79","6.51","709"
"94(1,F12)","DEP Interference ","31.16","5.05","8.03","734"
"95(1,G12)","Ox66 Interference","7.6","4.73","7.46","691"
"96(1,H12)","Ox66 Interference","3.56","4.64","6.82","830"

"DataType:","Trimmed Count"
"Location","Sample","IL-6","IL-8","TNFa","Total Events"
"1(1,A1)","Background0","134","116","117","411"
"2(1,B1)","Background0","100","111","119","368"
"3(1,C1)","Standard 1","112","91","107","344"
"4(1,D1)","Standard 1","87","102","107","330"
"5(1,E1)","Standard2","109","98","126","371"
"6(1,F1)","Standard2","135","117","147","443"
"7(1,G1)","Standard3","253","240","260","837"
"8(1,H1)","Standard3","269","242","264","861"
"9(1,A2)","Standard4","254","242","285","869"
"10(1,B2)","Standard4","216","198","237","723"
"11(1,C2)","Standard5","223","190","237","722"
"12(1,D2)","Standard5","167","169","206","602"
"13(1,E2)","Standard6","173","169","202","604"
"14(1,F2)","Standard6","170","181","208","621"
"17(1,A3)","Control1","260","240","248","832"
"18(1,B3)","Control1","198","175","220","659"
"19(1,C3)","Control2","189","204","195","652"
"20(1,D3)","Control2","183","163","179","583"
"21(1,E3)","Normoxia Control 1","180","156","182","576"
"22(1,F3)","Normoxia Control 1","217","185","206","674"
"23(1,G3)","Normoxia Control 1","211","158","223","658"
"24(1,H3)","Normoxia Control 2","237","239","249","805"
"25(1,A4)","Normoxia Control 2","293","235","277","893"
"26(1,B4)","Normoxia Control 2","184","168","208","622"
"27(1,C4)","Normoxia Control 3","217","205","214","706"
"28(1,D4)","Normoxia Control 3","174","152","156","536"
"29(1,E4)","Normoxia Control 3","203","179","190","636"
"30(1,F4)","Normoxia DEP 1","176","171","185","592"
"31(1,G4)","Normoxia DEP 1","269","247","274","878"
"32(1,H4)","Normoxia DEP 1","224","213","235","746"
"33(1,A5)","Normoxia DEP 2","244","206","258","788"
"34(1,B5)","Normoxia DEP 2","165","152","149","516"
"35(1,C5)","Normoxia DEP 2","182","163","167","568"
"36(1,D5)","Normoxia DEP 3","186","171","224","643"
"37(1,E5)","Normoxia DEP 3","214","181","208","671"
"38(1,F5)","Normoxia DEP 3","189","193","225","675"
"39(1,G5)","Normoxia Ox66 1","229","214","222","739"
"40(1,H5)","Normoxia Ox66 1","260","224","273","841"
"41(1,A6)","Normoxia Ox66 1","191","200","213","672"
"42(1,B6)","Normoxia Ox66 2","178","156","183","575"
"43(1,C6)","Normoxia Ox66 2","260","194","229","761"
"44(1,D6)","Normoxia Ox66 2","171","154","144","521"
"45(1,E6)","Normoxia Ox66 3","197","161","207","627"
"46(1,F6)","Normoxia Ox66 3","143","150","169","512"
"47(1,G6)","Normoxia Ox66 3","165","154","195","572"
"48(1,H6)","Normoxia Mix 1","254","251","243","832"
"49(1,A7)","Normoxia Mix 1","254","258","266","864"
"50(1,B7)","Normoxia Mix 1","184","187","192","625"
"51(1,C7)","Normoxia Mix 2","227","179","204","678"
"52(1,D7)","Normoxia Mix 2","162","146","144","502"
"53(1,E7)","Normoxia Mix 2","208","191","210","679"
"54(1,F7)","Normoxia Mix 3","165","177","191","593"
"55(1,G7)","Normoxia Mix 3","150","154","190","550"
"56(1,H7)","Normoxia Mix 3","215","209","242","740"
"57(1,A8)","Hypoxia Control 1","282","218","226","808"
"58(1,B8)","Hypoxia Control 1","205","168","205","640"
"59(1,C8)","Hypoxia Control 1","216","211","205","702"
"60(1,D8)","Hypoxia Control 2","154","143","189","542"
"61(1,E8)","Hypoxia Control 2","178","173","203","616"
"62(1,F8)","Hypoxia Control 2","214","188","207","677"
"63(1,G8)","Hypoxia Control 3","243","195","221","733"
"64(1,H8)","Hypoxia Control 3","236","198","256","766"
"65(1,A9)","Hypoxia Control 3","222","223","267","790"
"66(1,B9)","Hypoxia DEP 1","195","199","248","714"
"67(1,C9)","Hypoxia DEP 1","186","155","190","591"
"68(1,D9)","Hypoxia DEP 1","153","153","152","508"
"69(1,E9)","Hypoxia DEP 2","195","206","210","681"
"70(1,F9)","Hypoxia DEP 2","166","162","185","569"
"71(1,G9)","Hypoxia DEP 2","166","148","177","545"
"72(1,H9)","Hypoxia DEP 3","182","141","170","547"
"73(1,A10)","Hypoxia DEP 3","261","243","267","857"
"74(1,B10)","Hypoxia DEP 3","185","181","224","654"
"75(1,C10)","Hypoxia Ox66 1","225","232","241","776"
"76(1,D10)","Hypoxia Ox66 1","212","162","171","607"
"77(1,E10)","Hypoxia Ox66 1","206","174","210","656"
"78(1,F10)","Hypoxia Ox66 2","180","161","190","591"
"79(1,G10)","Hypoxia Ox66 2","200","167","218","649"
"80(1,H10)","Hypoxia Ox66 2","218","211","259","764"
"81(1,A11)","Hypoxia Ox66 3","235","225","241","779"
"82(1,B11)","Hypoxia Ox66 3","174","183","223","644"
"83(1,C11)","Hypoxia Ox66 3","170","171","187","588"
"84(1,D11)","Hypoxia Mix 1","237","189","216","712"
"85(1,E11)","Hypoxia Mix 1","230","215","208","727"
"86(1,F11)","Hypoxia Mix 1","221","195","242","730"
"87(1,G11)","Hypoxia Mix 2","214","195","227","708"
"88(1,H11)","Hypoxia Mix 2","246","206","270","802"
"89(1,A12)","Hypoxia Mix 2","242","243","266","833"
"90(1,B12)","Hypoxia Mix 3","243","259","251","835"
"91(1,C12)","Hypoxia Mix 3","206","187","205","664"
"92(1,D12)","Hypoxia Mix 3","193","214","195","670"
"93(1,E12)","DEP Interference ","202","196","241","709"
"94(1,F12)","DEP Interference ","222","195","243","734"
"95(1,G12)","Ox66 Interference","195","173","253","691"
"96(1,H12)","Ox66 Interference","259","218","271","830"

"DataType:","Trimmed Mean"
"Location","Sample","IL-6","IL-8","TNFa","Total Events"
"1(1,A1)","Background0","13.96","14.24","14.57","411"
"2(1,B1)","Background0","14.07","14.09","15.44","368"
"3(1,C1)","Standard 1","13.72","86.73","17.24","344"
"4(1,D1)","Standard 1","14.99","83.02","18.4","330"
"5(1,E1)","Standard2","16.9","387.01","28.77","371"
"6(1,F1)","Standard2","18.19","332.1","30.54","443"
"7(1,G1)","Standard3","152.84","1667.07","209.26","837"
"8(1,H1)","Standard3","133.51","1528.62","197.01","861"
"9(1,A2)","Standard4","5023.41","8755.88","3428.95","869"
"10(1,B2)","Standard4","4507.25","8662.85","3214.91","723"
"11(1,C2)","Standard5","23774.76","24796.15","14014.29","722"
"12(1,D2)","Standard5","23318.32","22985.96","14664.24","602"
"13(1,E2)","Standard6","41402.18","29389.79","30252.04","604"
"14(1,F2)","Standard6","44441.25","32045.22","34969.28","621"
"17(1,A3)","Control1","2612","2619.68","1190.76","832"
"18(1,B3)","Control1","2236.31","2555.67","1125.55","659"
"19(1,C3)","Control2","11430.69","9667.06","5279.68","652"
"20(1,D3)","Control2","11562.83","9748.75","5814.85","583"
"21(1,E3)","Normoxia Control 1","15.38","1842.44","15.21","576"
"22(1,F3)","Normoxia Control 1","15.28","1891.5","15.61","674"
"23(1,G3)","Normoxia Control 1","16.08","1654.71","18.2","658"
"24(1,H3)","Normoxia Control 2","15.61","1743.29","15.12","805"
"25(1,A4)","Normoxia Control 2","15.18","1591.28","14.93","893"
"26(1,B4)","Normoxia Control 2","15.24","1730.98","14.63","622"
"27(1,C4)","Normoxia Control 3","16.5","2346.02","16.28","706"
"28(1,D4)","Normoxia Control 3","15.57","1866.41","15.67","536"
"29(1,E4)","Normoxia Control 3","15.48","1793.73","16.05","636"
"30(1,F4)","Normoxia DEP 1","16.35","2306.27","16.52","592"
"31(1,G4)","Normoxia DEP 1","16.55","2081.87","16.68","878"
"32(1,H4)","Normoxia DEP 1","15.7","1941.41","15.77","746"
"33(1,A5)","Normoxia DEP 2","15.22","2075.32","16.41","788"
"34(1,B5)","Normoxia DEP 2","15.64","2176.51","17.51","516"
"35(1,C5)","Normoxia DEP 2","15.39","2007.06","16.54","568"
"36(1,D5)","Normoxia DEP 3","16.1","2253.05","17.26","643"
"37(1,E5)","Normoxia DEP 3","16.27","2236.96","16.6","671"
"38(1,F5)","Normoxia DEP 3","16.14","2131.95","17.32","675"
"39(1,G5)","Normoxia Ox66 1","16.92","3240.87","16.99","739"
"40(1,H5)","Normoxia Ox66 1","16.15","2957.98","15.64","841"
"41(1,A6)","Normoxia Ox66 1","15.12","3214.25","14.11","672"
"42(1,B6)","Normoxia Ox66 2","15.33","4056.19","16.22","575"
"43(1,C6)","Normoxia Ox66 2","15.51","3556.6","14.61","761"
"44(1,D6)","Normoxia Ox66 2","15.26","3207.97","15.56","521"
"45(1,E6)","Normoxia Ox66 3","15.91","3706.84","15","627"
"46(1,F6)","Normoxia Ox66 3","15.03","3480.38","14.39","512"
"47(1,G6)","Normoxia Ox66 3","15.16","3704.56","14.39","572"
"48(1,H6)","Normoxia Mix 1","16.12","3637.44","14.4","832"
"49(1,A7)","Normoxia Mix 1","15.79","3279.41","16.44","864"
"50(1,B7)","Normoxia Mix 1","16.13","3543.14","15.66","625"
"51(1,C7)","Normoxia Mix 2","15.96","2937.55","15.93","678"
"52(1,D7)","Normoxia Mix 2","16.12","2979.14","14.96","502"
"53(1,E7)","Normoxia Mix 2","16.45","3136.73","16.49","679"
"54(1,F7)","Normoxia Mix 3","15.25","3863.37","15.58","593"
"55(1,G7)","Normoxia Mix 3","16.52","3446.6","16.74","550"
"56(1,H7)","Normoxia Mix 3","16.75","3366.43","15.64","740"
"57(1,A8)","Hypoxia Control 1","15.11","1260.23","14.46","808"
"58(1,B8)","Hypoxia Control 1","15","1230.99","14.61","640"
"59(1,C8)","Hypoxia Control 1","15.38","1255.81","13.8","702"
"60(1,D8)","Hypoxia Control 2","15.47","1136.29","15.54","542"
"61(1,E8)","Hypoxia Control 2","14.83","1036.31","14.23","616"
"62(1,F8)","Hypoxia Control 2","13.97","1166.73","13.96","677"
"63(1,G8)","Hypoxia Control 3","15.44","1920.16","14.77","733"
"64(1,H8)","Hypoxia Control 3","14.56","1828.29","13.66","766"
"65(1,A9)","Hypoxia Control 3","15.19","1926.58","15.5","790"
"66(1,B9)","Hypoxia DEP 1","13.45","1090.77","13.51","714"
"67(1,C9)","Hypoxia DEP 1","15.07","1185.41","15.47","591"
"68(1,D9)","Hypoxia DEP 1","16.2","1270.78","16.14","508"
"69(1,E9)","Hypoxia DEP 2","15.71","1384.98","15.6","681"
"70(1,F9)","Hypoxia DEP 2","15.78","1356.56","15.72","569"
"71(1,G9)","Hypoxia DEP 2","14.6","1437.07","14.91","545"
"72(1,H9)","Hypoxia DEP 3","15.88","1384.74","15.39","547"
"73(1,A10)","Hypoxia DEP 3","14.78","1223.8","14.18","857"
"74(1,B10)","Hypoxia DEP 3","13.81","943.72","13.92","654"
"75(1,C10)","Hypoxia Ox66 1","14.75","1636.48","14.37","776"
"76(1,D10)","Hypoxia Ox66 1","14.6","1579.75","14.33","607"
"77(1,E10)","Hypoxia Ox66 1","15.13","1539.43","15.1","656"
"78(1,F10)","Hypoxia Ox66 2","14.35","1676.76","13.68","591"
"79(1,G10)","Hypoxia Ox66 2","15.31","1553.08","15.09","649"
"80(1,H10)","Hypoxia Ox66 2","15.09","1400.09","13.96","764"
"81(1,A11)","Hypoxia Ox66 3","14.68","1401.52","15.23","779"
"82(1,B11)","Hypoxia Ox66 3","13.78","1252.35","12.46","644"
"83(1,C11)","Hypoxia Ox66 3","13.74","1465.33","14.11","588"
"84(1,D11)","Hypoxia Mix 1","15.41","1747.08","15.69","712"
"85(1,E11)","Hypoxia Mix 1","14.64","1790.56","14.91","727"
"86(1,F11)","Hypoxia Mix 1","13.99","1596.54","14.21","730"
"87(1,G11)","Hypoxia Mix 2","15.32","1625.65","15.78","708"
"88(1,H11)","Hypoxia Mix 2","14.81","1552.49","14.52","802"
"89(1,A12)","Hypoxia Mix 2","14.43","1470.05","13.67","833"
"90(1,B12)","Hypoxia Mix 3","14.36","1522.32","13.53","835"
"91(1,C12)","Hypoxia Mix 3","15.22","1644.33","15.17","664"
"92(1,D12)","Hypoxia Mix 3","15.43","1586.23","15.83","670"
"93(1,E12)","DEP Interference ","13.51","15.52","15.22","709"
"94(1,F12)","DEP Interference ","13.41","16.42","14.7","734"
"95(1,G12)","Ox66 Interference","12.95","14.12","12.61","691"
"96(1,H12)","Ox66 Interference","13.4","14.14","13.36","830"

"DataType:","Trimmed % CV of Microspheres"
"Location","Sample","IL-6","IL-8","TNFa","Total Events"
"1(1,A1)","Background0","22.81","26.88","31.14","411"
"2(1,B1)","Background0","22.41","26.77","36.26","368"
"3(1,C1)","Standard 1","21.3","23.8","28.73","344"
"4(1,D1)","Standard 1","27.48","19.4","31.28","330"
"5(1,E1)","Standard2","25.27","19.71","27.83","371"
"6(1,F1)","Standard2","22.95","34.64","30.53","443"
"7(1,G1)","Standard3","43.68","39.29","37.08","837"
"8(1,H1)","Standard3","33.19","34.93","32.79","861"
"9(1,A2)","Standard4","22.71","19.38","24.44","869"
"10(1,B2)","Standard4","21.82","19.18","25.96","723"
"11(1,C2)","Standard5","25.74","13.72","29.94","722"
"12(1,D2)","Standard5","29.38","26.67","24.52","602"
"13(1,E2)","Standard6","25.07","23.04","40.79","604"
"14(1,F2)","Standard6","12.14","18.75","23.52","621"
"17(1,A3)","Control1","41.7","38.33","36.82","832"
"18(1,B3)","Control1","36.59","22.45","29.77","659"
"19(1,C3)","Control2","24.8","29.19","38.38","652"
"20(1,D3)","Control2","26.32","33.88","30.74","583"
"21(1,E3)","Normoxia Control 1","24.1","29.51","29.52","576"
"22(1,F3)","Normoxia Control 1","18.91","33.6","32.4","674"
"23(1,G3)","Normoxia Control 1","23.12","34.79","35.73","658"
"24(1,H3)","Normoxia Control 2","21.59","17.59","30.07","805"
"25(1,A4)","Normoxia Control 2","23.72","39.32","31.44","893"
"26(1,B4)","Normoxia Control 2","21.78","25.88","27.28","622"
"27(1,C4)","Normoxia Control 3","25.97","34.19","33.85","706"
"28(1,D4)","Normoxia Control 3","18.41","25.62","27.2","536"
"29(1,E4)","Normoxia Control 3","25.12","30.15","27.74","636"
"30(1,F4)","Normoxia DEP 1","24.6","18.3","27.76","592"
"31(1,G4)","Normoxia DEP 1","22.54","18.18","32.23","878"
"32(1,H4)","Normoxia DEP 1","23.38","28.51","28.1","746"
"33(1,A5)","Normoxia DEP 2","22.02","25.54","32.85","788"
"34(1,B5)","Normoxia DEP 2","22.36","34.68","32.87","516"
"35(1,C5)","Normoxia DEP 2","22.47","31.67","37.28","568"
"36(1,D5)","Normoxia DEP 3","22.34","18.53","37.19","643"
"37(1,E5)","Normoxia DEP 3","21.26","18.66","32.63","671"
"38(1,F5)","Normoxia DEP 3","23.62","19.8","30.1","675"
"39(1,G5)","Normoxia Ox66 1","20.98","20.45","31.41","739"
"40(1,H5)","Normoxia Ox66 1","21.53","23.88","31.36","841"
"41(1,A6)","Normoxia Ox66 1","21.17","19.69","26.51","672"
"42(1,B6)","Normoxia Ox66 2","23.82","40.71","35.55","575"
"43(1,C6)","Normoxia Ox66 2","22.8","24.18","27.17","761"
"44(1,D6)","Normoxia Ox66 2","21.69","37.66","30.9","521"
"45(1,E6)","Normoxia Ox66 3","22.44","20.19","24.91","627"
"46(1,F6)","Normoxia Ox66 3","19.77","28.42","30.45","512"
"47(1,G6)","Normoxia Ox66 3","21.58","25.53","33.97","572"
"48(1,H6)","Normoxia Mix 1","25.89","18.72","37.12","832"
"49(1,A7)","Normoxia Mix 1","20.05","45.74","34.4","864"
"50(1,B7)","Normoxia Mix 1","23.29","18.45","27.59","625"
"51(1,C7)","Normoxia Mix 2","23.75","26.55","32.96","678"
"52(1,D7)","Normoxia Mix 2","23.31","20.54","28.99","502"
"53(1,E7)","Normoxia Mix 2","25.3","21.01","37.74","679"
"54(1,F7)","Normoxia Mix 3","21.06","22.9","32.48","593"
"55(1,G7)","Normoxia Mix 3","22.24","32.64","27.71","550"
"56(1,H7)","Normoxia Mix 3","27.72","32.86","32.13","740"
"57(1,A8)","Hypoxia Control 1","21.63","35.08","30.84","808"
"58(1,B8)","Hypoxia Control 1","19.62","16.58","29.58","640"
"59(1,C8)","Hypoxia Control 1","24.17","19.07","25.57","702"
"60(1,D8)","Hypoxia Control 2","18.5","18.57","27.76","542"
"61(1,E8)","Hypoxia Control 2","19.29","21.1","26.05","616"
"62(1,F8)","Hypoxia Control 2","19.63","23.81","28.87","677"
"63(1,G8)","Hypoxia Control 3","24.4","16.55","27.29","733"
"64(1,H8)","Hypoxia Control 3","21.92","19.13","25.17","766"
"65(1,A9)","Hypoxia Control 3","20.59","38.13","31.1","790"
"66(1,B9)","Hypoxia DEP 1","21.44","25.86","28.57","714"
"67(1,C9)","Hypoxia DEP 1","23.93","33.38","31.85","591"
"68(1,D9)","Hypoxia DEP 1","23.04","24.08","29.53","508"
"69(1,E9)","Hypoxia DEP 2","21.68","21.17","26.46","681"
"70(1,F9)","Hypoxia DEP 2","24.55","27.52","30.76","569"
"71(1,G9)","Hypoxia DEP 2","19.51","19.25","27.17","545"
"72(1,H9)","Hypoxia DEP 3","25.55","18.37","25.11","547"
"73(1,A10)","Hypoxia DEP 3","24.29","34.02","28.04","857"
"74(1,B10)","Hypoxia DEP 3","19.32","51.95","28.64","654"
"75(1,C10)","Hypoxia Ox66 1","21.38","29.58","29.18","776"
"76(1,D10)","Hypoxia Ox66 1","19.99","19.07","26.3","607"
"77(1,E10)","Hypoxia Ox66 1","22.1","23.17","26.23","656"
"78(1,F10)","Hypoxia Ox66 2","21.66","18.67","28.85","591"
"79(1,G10)","Hypoxia Ox66 2","20.44","23.34","30.13","649"
"80(1,H10)","Hypoxia Ox66 2","21.3","28.83","29.08","764"
"81(1,A11)","Hypoxia Ox66 3","19","32.79","28.88","779"
"82(1,B11)","Hypoxia Ox66 3","19.34","23.91","22.02","644"
"83(1,C11)","Hypoxia Ox66 3","19.65","22.71","27.85","588"
"84(1,D11)","Hypoxia Mix 1","22.15","16.92","29.65","712"
"85(1,E11)","Hypoxia Mix 1","21.58","21.62","28.14","727"
"86(1,F11)","Hypoxia Mix 1","21.93","19.79","27.3","730"
"87(1,G11)","Hypoxia Mix 2","23.78","21.04","30.35","708"
"88(1,H11)","Hypoxia Mix 2","20.06","27.15","27.08","802"
"89(1,A12)","Hypoxia Mix 2","20.37","17","27.87","833"
"90(1,B12)","Hypoxia Mix 3","19.37","23.9","28.06","835"
"91(1,C12)","Hypoxia Mix 3","22.31","20.2","29.79","664"
"92(1,D12)","Hypoxia Mix 3","20.06","21.09","30.47","670"
"93(1,E12)","DEP Interference ","20.75","25.27","26.53","709"
"94(1,F12)","DEP Interference ","17.28","24.95","28.43","734"
"95(1,G12)","Ox66 Interference","21.04","23.56","25.52","691"
"96(1,H12)","Ox66 Interference","19.73","24.11","25.84","830"

"DataType:","Trimmed Peak"
"Location","Sample","IL-6","IL-8","TNFa","Total Events"
"1(1,A1)","Background0","12","14","12","411"
"2(1,B1)","Background0","12","12","13","368"
"3(1,C1)","Standard 1","11","77","13","344"
"4(1,D1)","Standard 1","11","77","15","330"
"5(1,E1)","Standard2","18","355","28","371"
"6(1,F1)","Standard2","16","338","28","443"
"7(1,G1)","Standard3","191","1809","200","837"
"8(1,H1)","Standard3","117","1537","176","861"
"9(1,A2)","Standard4","5446","9220","3774","869"
"10(1,B2)","Standard4","4115","8190","3756","723"
"11(1,C2)","Standard5","25651","25723","14424","722"
"12(1,D2)","Standard5","25623","26729","16386","602"
"13(1,E2)","Standard6","45430","35168","38100","604"
"14(1,F2)","Standard6","45046","35992","38749","621"
"17(1,A3)","Control1","2413","2955","1306","832"
"18(1,B3)","Control1","2303","2621","1203","659"
"19(1,C3)","Control2","13398","10466","6937","652"
"20(1,D3)","Control2","13337","11848","6150","583"
"21(1,E3)","Normoxia Control 1","11","1816","10","576"
"22(1,F3)","Normoxia Control 1","13","1963","11","674"
"23(1,G3)","Normoxia Control 1","15","1888","16","658"
"24(1,H3)","Normoxia Control 2","14","1889","12","805"
"25(1,A4)","Normoxia Control 2","14","1968","13","893"
"26(1,B4)","Normoxia Control 2","13","1887","14","622"
"27(1,C4)","Normoxia Control 3","12","2418","12","706"
"28(1,D4)","Normoxia Control 3","16","2126","15","536"
"29(1,E4)","Normoxia Control 3","13","1605","13","636"
"30(1,F4)","Normoxia DEP 1","14","2405","13","592"
"31(1,G4)","Normoxia DEP 1","14","2226","15","878"
"32(1,H4)","Normoxia DEP 1","15","2136","14","746"
"33(1,A5)","Normoxia DEP 2","15","2131","15","788"
"34(1,B5)","Normoxia DEP 2","13","2143","14","516"
"35(1,C5)","Normoxia DEP 2","14","2048","13","568"
"36(1,D5)","Normoxia DEP 3","16","2322","15","643"
"37(1,E5)","Normoxia DEP 3","14","2230","13","671"
"38(1,F5)","Normoxia DEP 3","13","2225","13","675"
"39(1,G5)","Normoxia Ox66 1","15","2838","13","739"
"40(1,H5)","Normoxia Ox66 1","14","2737","12","841"
"41(1,A6)","Normoxia Ox66 1","13","2959","11","672"
"42(1,B6)","Normoxia Ox66 2","15","3064","10","575"
"43(1,C6)","Normoxia Ox66 2","14","3908","13","761"
"44(1,D6)","Normoxia Ox66 2","13","3344","14","521"
"45(1,E6)","Normoxia Ox66 3","14","4264","12","627"
"46(1,F6)","Normoxia Ox66 3","13","4461","11","512"
"47(1,G6)","Normoxia Ox66 3","15","4262","10","572"
"48(1,H6)","Normoxia Mix 1","14","3919","12","832"
"49(1,A7)","Normoxia Mix 1","14","4629","13","864"
"50(1,B7)","Normoxia Mix 1","13","3781","14","625"
"51(1,C7)","Normoxia Mix 2","17","2953","12","678"
"52(1,D7)","Normoxia Mix 2","14","3082","13","502"
"53(1,E7)","Normoxia Mix 2","14","3079","12","679"
"54(1,F7)","Normoxia Mix 3","13","4083","14","593"
"55(1,G7)","Normoxia Mix 3","13","4090","15","550"
"56(1,H7)","Normoxia Mix 3","15","3930","11","740"
"57(1,A8)","Hypoxia Control 1","11","1357","12","808"
"58(1,B8)","Hypoxia Control 1","15","1300","12","640"
"59(1,C8)","Hypoxia Control 1","13","1198","13","702"
"60(1,D8)","Hypoxia Control 2","14","1157","11","542"
"61(1,E8)","Hypoxia Control 2","15","1016","14","616"
"62(1,F8)","Hypoxia Control 2","13","1111","13","677"
"63(1,G8)","Hypoxia Control 3","15","1884","14","733"
"64(1,H8)","Hypoxia Control 3","14","1745","13","766"
"65(1,A9)","Hypoxia Control 3","15","1974","13","790"
"66(1,B9)","Hypoxia DEP 1","12","1067","12","714"
"67(1,C9)","Hypoxia DEP 1","14","1255","11","591"
"68(1,D9)","Hypoxia DEP 1","14","1198","14","508"
"69(1,E9)","Hypoxia DEP 2","13","1357","13","681"
"70(1,F9)","Hypoxia DEP 2","16","1473","12","569"
"71(1,G9)","Hypoxia DEP 2","13","1539","13","545"
"72(1,H9)","Hypoxia DEP 3","13","1360","12","547"
"73(1,A10)","Hypoxia DEP 3","12","1251","13","857"
"74(1,B10)","Hypoxia DEP 3","13","939","13","654"
"75(1,C10)","Hypoxia Ox66 1","13","1810","13","776"
"76(1,D10)","Hypoxia Ox66 1","12","1598","13","607"
"77(1,E10)","Hypoxia Ox66 1","13","1603","15","656"
"78(1,F10)","Hypoxia Ox66 2","14","1480","11","591"
"79(1,G10)","Hypoxia Ox66 2","15","1481","13","649"
"80(1,H10)","Hypoxia Ox66 2","14","1482","11","764"
"81(1,A11)","Hypoxia Ox66 3","14","1607","14","779"
"82(1,B11)","Hypoxia Ox66 3","13","1207","11","644"
"83(1,C11)","Hypoxia Ox66 3","13","1297","11","588"
"84(1,D11)","Hypoxia Mix 1","14","1742","12","712"
"85(1,E11)","Hypoxia Mix 1","12","1966","12","727"
"86(1,F11)","Hypoxia Mix 1","12","1809","13","730"
"87(1,G11)","Hypoxia Mix 2","13","1729","12","708"
"88(1,H11)","Hypoxia Mix 2","15","1476","12","802"
"89(1,A12)","Hypoxia Mix 2","12","1422","12","833"
"90(1,B12)","Hypoxia Mix 3","13","1534","13","835"
"91(1,C12)","Hypoxia Mix 3","15","1666","13","664"
"92(1,D12)","Hypoxia Mix 3","16","1416","13","670"
"93(1,E12)","DEP Interference ","12","12","15","709"
"94(1,F12)","DEP Interference ","13","15","12","734"
"95(1,G12)","Ox66 Interference","12","12","10","691"
"96(1,H12)","Ox66 Interference","14","12","12","830"

"DataType:","Trimmed Standard Deviation"
"Location","Sample","IL-6","IL-8","TNFa","Total Events"
"1(1,A1)","Background0","3.18","3.83","4.54","411"
"2(1,B1)","Background0","3.15","3.77","5.6","368"
"3(1,C1)","Standard 1","2.92","20.64","4.95","344"
"4(1,D1)","Standard 1","4.12","16.1","5.76","330"
"5(1,E1)","Standard2","4.27","76.28","8.01","371"
"6(1,F1)","Standard2","4.17","115.04","9.33","443"
"7(1,G1)","Standard3","66.77","654.91","77.59","837"
"8(1,H1)","Standard3","44.31","533.94","64.6","861"
"9(1,A2)","Standard4","1140.69","1696.5","837.98","869"
"10(1,B2)","Standard4","983.61","1661.63","834.6","723"
"11(1,C2)","Standard5","6119.58","3403.26","4195.55","722"
"12(1,D2)","Standard5","6850.88","6130.03","3595.01","602"
"13(1,E2)","Standard6","10381.02","6772.11","12340.58","604"
"14(1,F2)","Standard6","5396.56","6009.16","8225.9","621"
"17(1,A3)","Control1","1089.25","1004.22","438.42","832"
"18(1,B3)","Control1","818.15","573.85","335.08","659"
"19(1,C3)","Control2","2834.47","2821.79","2026.39","652"
"20(1,D3)","Control2","3042.98","3302.78","1787.66","583"
"21(1,E3)","Normoxia Control 1","3.71","543.73","4.49","576"
"22(1,F3)","Normoxia Control 1","2.89","635.46","5.06","674"
"23(1,G3)","Normoxia Control 1","3.72","575.74","6.5","658"
"24(1,H3)","Normoxia Control 2","3.37","306.59","4.55","805"
"25(1,A4)","Normoxia Control 2","3.6","625.67","4.69","893"
"26(1,B4)","Normoxia Control 2","3.32","448","3.99","622"
"27(1,C4)","Normoxia Control 3","4.28","802.18","5.51","706"
"28(1,D4)","Normoxia Control 3","2.87","478.1","4.26","536"
"29(1,E4)","Normoxia Control 3","3.89","540.8","4.45","636"
"30(1,F4)","Normoxia DEP 1","4.02","422.08","4.59","592"
"31(1,G4)","Normoxia DEP 1","3.73","378.56","5.38","878"
"32(1,H4)","Normoxia DEP 1","3.67","553.45","4.43","746"
"33(1,A5)","Normoxia DEP 2","3.35","529.98","5.39","788"
"34(1,B5)","Normoxia DEP 2","3.5","754.75","5.75","516"
"35(1,C5)","Normoxia DEP 2","3.46","635.69","6.17","568"
"36(1,D5)","Normoxia DEP 3","3.6","417.56","6.42","643"
"37(1,E5)","Normoxia DEP 3","3.46","417.43","5.42","671"
"38(1,F5)","Normoxia DEP 3","3.81","422.07","5.21","675"
"39(1,G5)","Normoxia Ox66 1","3.55","662.81","5.34","739"
"40(1,H5)","Normoxia Ox66 1","3.48","706.33","4.9","841"
"41(1,A6)","Normoxia Ox66 1","3.2","632.87","3.74","672"
"42(1,B6)","Normoxia Ox66 2","3.65","1651.4","5.77","575"
"43(1,C6)","Normoxia Ox66 2","3.54","860.04","3.97","761"
"44(1,D6)","Normoxia Ox66 2","3.31","1208.15","4.81","521"
"45(1,E6)","Normoxia Ox66 3","3.57","748.29","3.74","627"
"46(1,F6)","Normoxia Ox66 3","2.97","989.06","4.38","512"
"47(1,G6)","Normoxia Ox66 3","3.27","945.87","4.89","572"
"48(1,H6)","Normoxia Mix 1","4.17","680.83","5.34","832"
"49(1,A7)","Normoxia Mix 1","3.17","1499.85","5.66","864"
"50(1,B7)","Normoxia Mix 1","3.75","653.61","4.32","625"
"51(1,C7)","Normoxia Mix 2","3.79","779.8","5.25","678"
"52(1,D7)","Normoxia Mix 2","3.76","612.01","4.34","502"
"53(1,E7)","Normoxia Mix 2","4.16","659.09","6.22","679"
"54(1,F7)","Normoxia Mix 3","3.21","884.61","5.06","593"
"55(1,G7)","Normoxia Mix 3","3.67","1125.1","4.64","550"
"56(1,H7)","Normoxia Mix 3","4.64","1106.22","5.03","740"
"57(1,A8)","Hypoxia Control 1","3.27","442.08","4.46","808"
"58(1,B8)","Hypoxia Control 1","2.94","204.07","4.32","640"
"59(1,C8)","Hypoxia Control 1","3.72","239.49","3.53","702"
"60(1,D8)","Hypoxia Control 2","2.86","211.03","4.32","542"
"61(1,E8)","Hypoxia Control 2","2.86","218.69","3.71","616"
"62(1,F8)","Hypoxia Control 2","2.74","277.79","4.03","677"
"63(1,G8)","Hypoxia Control 3","3.77","317.71","4.03","733"
"64(1,H8)","Hypoxia Control 3","3.19","349.8","3.44","766"
"65(1,A9)","Hypoxia Control 3","3.13","734.52","4.82","790"
"66(1,B9)","Hypoxia DEP 1","2.88","282.04","3.86","714"
"67(1,C9)","Hypoxia DEP 1","3.61","395.72","4.93","591"
"68(1,D9)","Hypoxia DEP 1","3.73","305.95","4.77","508"
"69(1,E9)","Hypoxia DEP 2","3.41","293.16","4.13","681"
"70(1,F9)","Hypoxia DEP 2","3.88","373.28","4.83","569"
"71(1,G9)","Hypoxia DEP 2","2.85","276.68","4.05","545"
"72(1,H9)","Hypoxia DEP 3","4.06","254.38","3.87","547"
"73(1,A10)","Hypoxia DEP 3","3.59","416.36","3.98","857"
"74(1,B10)","Hypoxia DEP 3","2.67","490.3","3.99","654"
"75(1,C10)","Hypoxia Ox66 1","3.15","484.06","4.19","776"
"76(1,D10)","Hypoxia Ox66 1","2.92","301.3","3.77","607"
"77(1,E10)","Hypoxia Ox66 1","3.34","356.64","3.96","656"
"78(1,F10)","Hypoxia Ox66 2","3.11","313.12","3.95","591"
"79(1,G10)","Hypoxia Ox66 2","3.13","362.42","4.55","649"
"80(1,H10)","Hypoxia Ox66 2","3.21","403.58","4.06","764"
"81(1,A11)","Hypoxia Ox66 3","2.79","459.62","4.4","779"
"82(1,B11)","Hypoxia Ox66 3","2.66","299.48","2.74","644"
"83(1,C11)","Hypoxia Ox66 3","2.7","332.8","3.93","588"
"84(1,D11)","Hypoxia Mix 1","3.41","295.59","4.65","712"
"85(1,E11)","Hypoxia Mix 1","3.16","387.16","4.2","727"
"86(1,F11)","Hypoxia Mix 1","3.07","316.03","3.88","730"
"87(1,G11)","Hypoxia Mix 2","3.64","342.02","4.79","708"
"88(1,H11)","Hypoxia Mix 2","2.97","421.49","3.93","802"
"89(1,A12)","Hypoxia Mix 2","2.94","249.87","3.81","833"
"90(1,B12)","Hypoxia Mix 3","2.78","363.86","3.8","835"
"91(1,C12)","Hypoxia Mix 3","3.4","332.08","4.52","664"
"92(1,D12)","Hypoxia Mix 3","3.1","334.57","4.82","670"
"93(1,E12)","DEP Interference ","2.8","3.92","4.04","709"
"94(1,F12)","DEP Interference ","2.32","4.1","4.18","734"
"95(1,G12)","Ox66 Interference","2.72","3.33","3.22","691"
"96(1,H12)","Ox66 Interference","2.64","3.41","3.45","830"

"DataType:","%CV Replicates"
"Sample","IL-6","IL-8","TNFa"
"Control1","4.32430529010616","3.94578200695679","5.45355075763278"
"Control2","1.99278566185991","1.66093008313866","2.18400411935521"
"Standard 1","0","1.66429245045132","46.9315336156802"
"Standard2","8.46715961408293","8.95093558169374","2.88556982630175"
"Standard3","5.85072917282468","9.30525912894189","2.66577264436819"
"Standard4","5.64764230863092","3.69882199835606","3.97820420353132"
"Standard5","1.43787558062508","4.4440563599989","3.29733697820991"
"Standard6","NaN","NaN","13.0269001509866"
"Normoxia Control 1","0","4.30521678330139","NaN"
"Normoxia Control 2","51.3575317743238","2.17612174964108","0"
"Normoxia Control 3","58.1498479470437","9.73227949438871","0"
"Normoxia DEP 1","13.8797664355036","4.94300792404308","NaN"
"Normoxia DEP 2","0","0.923586525831239","NaN"
"Normoxia DEP 3","0","1.80836770470316","0"
"Normoxia Ox66 1","15.3603438900515","4.11936415697227","NaN"
"Normoxia Ox66 2","0","4.68979586161533","0"
"Normoxia Ox66 3","0","0.905499397274726","0"
"Normoxia Mix 1","9.63888868165823","2.04051189010693","0"
"Normoxia Mix 2","16.8551049388135","2.86562105527839","0"
"Normoxia Mix 3","15.3603438900515","3.70855492506793","NaN"
"Hypoxia Control 1","0","1.8105802919704","0"
"Hypoxia Control 2","NaN","4.75667858880967","0"
"Hypoxia Control 3","51.3575317743238","4.84946264886408","0"
"Hypoxia DEP 1","NaN","6.90840385104393","0"
"Hypoxia DEP 2","51.3575317743238","1.62940732022129","0"
"Hypoxia DEP 3","NaN","18.1949654517261","0"
"Hypoxia Ox66 1","56.1342670681457","3.12996032204568","0"
"Hypoxia Ox66 2","73.0042213628696","6.99500131999337","0"
"Hypoxia Ox66 3","NaN","10.2929768235684","0"
"Hypoxia Mix 1","NaN","5.93492522911435","0"
"Hypoxia Mix 2","51.3575317743238","4.07889311571449","0"
"Hypoxia Mix 3","51.3575317743238","5.19120132245336","0"
"DEP Interference ","0","0","0"
"Ox66 Interference","0","0","0"

"DataType:","% Recovery"
"Location","Sample","IL-6","IL-8","TNFa"
"3(1,C1)","Standard 1","98.08","98.42","72.09"
"4(1,D1)","Standard 1","98.08","100.76","143.70"
"5(1,E1)","Standard2","97.78","110.34","102.40"
"6(1,F1)","Standard2","110.24","97.20","106.67"
"7(1,G1)","Standard3","100.46","102.78","95.16"
"8(1,H1)","Standard3","92.48","90.09","91.64"
"9(1,A2)","Standard4","113.40","106.72","118.31"
"10(1,B2)","Standard4","104.69","101.28","111.84"
"11(1,C2)","Standard5","86.03","99.22","88.53"
"12(1,D2)","Standard5","87.80","93.17","92.76"
"13(1,E2)","Standard6","N/A","69.45","106.10"
"14(1,F2)","Standard6","4,121.04","N/A","127.63"
"17(1,A3)","Control1","183.69","74.48","143.36"
"18(1,B3)","Control1","172.79","70.43","132.71"
"19(1,C3)","Control2","99.72","63.29","88.63"
"20(1,D3)","Control2","102.58","64.79","91.41"

"DataType:","Comments"
"Location","Sample","IL-6","IL-8","TNFa"
"1(1,A1)","Background0","","",""
"2(1,B1)","Background0","","",""
"3(1,C1)","Standard 1","","Extrapolated","Extrapolated"
"4(1,D1)","Standard 1","","",""
"5(1,E1)","Standard2","","",""
"6(1,F1)","Standard2","","",""
"7(1,G1)","Standard3","","",""
"8(1,H1)","Standard3","","",""
"9(1,A2)","Standard4","","",""
"10(1,B2)","Standard4","","",""
"11(1,C2)","Standard5","","",""
"12(1,D2)","Standard5","","",""
"13(1,E2)","Standard6","","",""
"14(1,F2)","Standard6","","","Extrapolated"
"17(1,A3)","Control1","Control Failed.","","Control Failed."
"18(1,B3)","Control1","Control Failed.","",""
"19(1,C3)","Control2","","Control Failed.",""
"20(1,D3)","Control2","","Control Failed.",""
"21(1,E3)","Normoxia Control 1","","",""
"22(1,F3)","Normoxia Control 1","","",""
"23(1,G3)","Normoxia Control 1","","",""
"24(1,H3)","Normoxia Control 2","","",""
"25(1,A4)","Normoxia Control 2","","",""
"26(1,B4)","Normoxia Control 2","","",""
"27(1,C4)","Normoxia Control 3","","",""
"28(1,D4)","Normoxia Control 3","","",""
"29(1,E4)","Normoxia Control 3","","",""
"30(1,F4)","Normoxia DEP 1","","","Extrapolated"
"31(1,G4)","Normoxia DEP 1","","",""
"32(1,H4)","Normoxia DEP 1","","",""
"33(1,A5)","Normoxia DEP 2","","",""
"34(1,B5)","Normoxia DEP 2","","","Extrapolated"
"35(1,C5)","Normoxia DEP 2","","",""
"36(1,D5)","Normoxia DEP 3","","","Extrapolated"
"37(1,E5)","Normoxia DEP 3","","","Extrapolated"
"38(1,F5)","Normoxia DEP 3","","","Extrapolated"
"39(1,G5)","Normoxia Ox66 1","","","Extrapolated"
"40(1,H5)","Normoxia Ox66 1","","",""
"41(1,A6)","Normoxia Ox66 1","","",""
"42(1,B6)","Normoxia Ox66 2","","",""
"43(1,C6)","Normoxia Ox66 2","","",""
"44(1,D6)","Normoxia Ox66 2","","",""
"45(1,E6)","Normoxia Ox66 3","","",""
"46(1,F6)","Normoxia Ox66 3","","",""
"47(1,G6)","Normoxia Ox66 3","","",""
"48(1,H6)","Normoxia Mix 1","","",""
"49(1,A7)","Normoxia Mix 1","","",""
"50(1,B7)","Normoxia Mix 1","","",""
"51(1,C7)","Normoxia Mix 2","","",""
"52(1,D7)","Normoxia Mix 2","","",""
"53(1,E7)","Normoxia Mix 2","","",""
"54(1,F7)","Normoxia Mix 3","","",""
"55(1,G7)","Normoxia Mix 3","","","Extrapolated"
"56(1,H7)","Normoxia Mix 3","","",""
"57(1,A8)","Hypoxia Control 1","","",""
"58(1,B8)","Hypoxia Control 1","","",""
"59(1,C8)","Hypoxia Control 1","","",""
"60(1,D8)","Hypoxia Control 2","","",""
"61(1,E8)","Hypoxia Control 2","","",""
"62(1,F8)","Hypoxia Control 2","","",""
"63(1,G8)","Hypoxia Control 3","","",""
"64(1,H8)","Hypoxia Control 3","","",""
"65(1,A9)","Hypoxia Control 3","","",""
"66(1,B9)","Hypoxia DEP 1","","",""
"67(1,C9)","Hypoxia DEP 1","","",""
"68(1,D9)","Hypoxia DEP 1","","",""
"69(1,E9)","Hypoxia DEP 2","","",""
"70(1,F9)","Hypoxia DEP 2","","",""
"71(1,G9)","Hypoxia DEP 2","","",""
"72(1,H9)","Hypoxia DEP 3","","",""
"73(1,A10)","Hypoxia DEP 3","","",""
"74(1,B10)","Hypoxia DEP 3","","",""
"75(1,C10)","Hypoxia Ox66 1","","",""
"76(1,D10)","Hypoxia Ox66 1","","",""
"77(1,E10)","Hypoxia Ox66 1","","",""
"78(1,F10)","Hypoxia Ox66 2","","",""
"79(1,G10)","Hypoxia Ox66 2","","",""
"80(1,H10)","Hypoxia Ox66 2","","",""
"81(1,A11)","Hypoxia Ox66 3","","",""
"82(1,B11)","Hypoxia Ox66 3","","",""
"83(1,C11)","Hypoxia Ox66 3","","",""
"84(1,D11)","Hypoxia Mix 1","","",""
"85(1,E11)","Hypoxia Mix 1","","",""
"86(1,F11)","Hypoxia Mix 1","","",""
"87(1,G11)","Hypoxia Mix 2","","",""
"88(1,H11)","Hypoxia Mix 2","","",""
"89(1,A12)","Hypoxia Mix 2","","",""
"90(1,B12)","Hypoxia Mix 3","","",""
"91(1,C12)","Hypoxia Mix 3","","",""
"92(1,D12)","Hypoxia Mix 3","","",""
"93(1,E12)","DEP Interference ","","",""
"94(1,F12)","DEP Interference ","","",""
"95(1,G12)","Ox66 Interference","","",""
"96(1,H12)","Ox66 Interference","","",""

"DataType:","Units"
"Analyte:","IL-6","IL-8","TNFa"
"BeadID:","57","63","75"
"Units:","pg/ml","pg/ml","pg/ml"

"DataType:","Standard Expected Concentration"
"Reagent","IL-6","IL-8","TNFa"
"Standard1","3.2","3.2","3.2"
"Standard2","16","16","16"
"Standard3","80","80","80"
"Standard4","400","400","400"
"Standard5","2000","2000","2000"
"Standard6","10000","10000","10000"

"DataType:","Control Expected Concentration"
"Reagent","IL-6","IL-8","TNFa"
"Control1","168","171","169"
"Control2","797","801.5","819"

"DataType:","Control Range - Low"
"Reagent","IL-6","IL-8","TNFa"
"Control1","109","111","110"
"Control2","518","521","532"

"DataType:","Control Range - High"
"Reagent","IL-6","IL-8","TNFa"
"Control1","227","231","228"
"Control2","1076","1082","1106"

"DataType:","Per Bead Count"
"Analyte:","IL-6","IL-8","TNFa"
"BeadID:","57","63","75"
"Per Bead:","50","50","50"

"DataType:","Acquisition Time"
"Location","Sample","Seconds","Total Events"
"1(1,A1)","Background0","36","411"
"2(1,B1)","Background0","36","368"
"3(1,C1)","Standard 1","35","344"
"4(1,D1)","Standard 1","36","330"
"5(1,E1)","Standard2","36","371"
"6(1,F1)","Standard2","35","443"
"7(1,G1)","Standard3","35","837"
"8(1,H1)","Standard3","35","861"
"9(1,A2)","Standard4","36","869"
"10(1,B2)","Standard4","35","723"
"11(1,C2)","Standard5","36","722"
"12(1,D2)","Standard5","35","602"
"13(1,E2)","Standard6","35","604"
"14(1,F2)","Standard6","35","621"
"17(1,A3)","Control1","35","832"
"18(1,B3)","Control1","35","659"
"19(1,C3)","Control2","35","652"
"20(1,D3)","Control2","35","583"
"21(1,E3)","Normoxia Control 1","35","576"
"22(1,F3)","Normoxia Control 1","35","674"
"23(1,G3)","Normoxia Control 1","35","658"
"24(1,H3)","Normoxia Control 2","35","805"
"25(1,A4)","Normoxia Control 2","36","893"
"26(1,B4)","Normoxia Control 2","35","622"
"27(1,C4)","Normoxia Control 3","35","706"
"28(1,D4)","Normoxia Control 3","35","536"
"29(1,E4)","Normoxia Control 3","35","636"
"30(1,F4)","Normoxia DEP 1","35","592"
"31(1,G4)","Normoxia DEP 1","35","878"
"32(1,H4)","Normoxia DEP 1","35","746"
"33(1,A5)","Normoxia DEP 2","36","788"
"34(1,B5)","Normoxia DEP 2","35","516"
"35(1,C5)","Normoxia DEP 2","35","568"
"36(1,D5)","Normoxia DEP 3","35","643"
"37(1,E5)","Normoxia DEP 3","36","671"
"38(1,F5)","Normoxia DEP 3","36","675"
"39(1,G5)","Normoxia Ox66 1","35","739"
"40(1,H5)","Normoxia Ox66 1","35","841"
"41(1,A6)","Normoxia Ox66 1","36","672"
"42(1,B6)","Normoxia Ox66 2","35","575"
"43(1,C6)","Normoxia Ox66 2","35","761"
"44(1,D6)","Normoxia Ox66 2","35","521"
"45(1,E6)","Normoxia Ox66 3","35","627"
"46(1,F6)","Normoxia Ox66 3","35","512"
"47(1,G6)","Normoxia Ox66 3","35","572"
"48(1,H6)","Normoxia Mix 1","35","832"
"49(1,A7)","Normoxia Mix 1","36","864"
"50(1,B7)","Normoxia Mix 1","35","625"
"51(1,C7)","Normoxia Mix 2","35","678"
"52(1,D7)","Normoxia Mix 2","35","502"
"53(1,E7)","Normoxia Mix 2","35","679"
"54(1,F7)","Normoxia Mix 3","35","593"
"55(1,G7)","Normoxia Mix 3","35","550"
"56(1,H7)","Normoxia Mix 3","36","740"
"57(1,A8)","Hypoxia Control 1","36","808"
"58(1,B8)","Hypoxia Control 1","35","640"
"59(1,C8)","Hypoxia Control 1","36","702"
"60(1,D8)","Hypoxia Control 2","35","542"
"61(1,E8)","Hypoxia Control 2","35","616"
"62(1,F8)","Hypoxia Control 2","35","677"
"63(1,G8)","Hypoxia Control 3","35","733"
"64(1,H8)","Hypoxia Control 3","36","766"
"65(1,A9)","Hypoxia Control 3","36","790"
"66(1,B9)","Hypoxia DEP 1","36","714"
"67(1,C9)","Hypoxia DEP 1","35","591"
"68(1,D9)","Hypoxia DEP 1","35","508"
"69(1,E9)","Hypoxia DEP 2","35","681"
"70(1,F9)","Hypoxia DEP 2","36","569"
"71(1,G9)","Hypoxia DEP 2","35","545"
"72(1,H9)","Hypoxia DEP 3","35","547"
"73(1,A10)","Hypoxia DEP 3","36","857"
"74(1,B10)","Hypoxia DEP 3","35","654"
"75(1,C10)","Hypoxia Ox66 1","36","776"
"76(1,D10)","Hypoxia Ox66 1","35","607"
"77(1,E10)","Hypoxia Ox66 1","35","656"
"78(1,F10)","Hypoxia Ox66 2","35","591"
"79(1,G10)","Hypoxia Ox66 2","35","649"
"80(1,H10)","Hypoxia Ox66 2","35","764"
"81(1,A11)","Hypoxia Ox66 3","36","779"
"82(1,B11)","Hypoxia Ox66 3","35","644"
"83(1,C11)","Hypoxia Ox66 3","35","588"
"84(1,D11)","Hypoxia Mix 1","35","712"
"85(1,E11)","Hypoxia Mix 1","35","727"
"86(1,F11)","Hypoxia Mix 1","36","730"
"87(1,G11)","Hypoxia Mix 2","35","708"
"88(1,H11)","Hypoxia Mix 2","36","802"
"89(1,A12)","Hypoxia Mix 2","36","833"
"90(1,B12)","Hypoxia Mix 3","35","835"
"91(1,C12)","Hypoxia Mix 3","35","664"
"92(1,D12)","Hypoxia Mix 3","36","670"
"93(1,E12)","DEP Interference ","35","709"
"94(1,F12)","DEP Interference ","35","734"
"95(1,G12)","Ox66 Interference","35","691"
"96(1,H12)","Ox66 Interference","35","830"


"DataType:","Dilution Factor"
"Location","Sample","Dilution Factor"
"1(1,A1)","Background0"
"2(1,B1)","Background0"
"3(1,C1)","Standard 1"
"4(1,D1)","Standard 1"
"5(1,E1)","Standard2"
"6(1,F1)","Standard2"
"7(1,G1)","Standard3"
"8(1,H1)","Standard3"
"9(1,A2)","Standard4"
"10(1,B2)","Standard4"
"11(1,C2)","Standard5"
"12(1,D2)","Standard5"
"13(1,E2)","Standard6"
"14(1,F2)","Standard6"
"17(1,A3)","Control1","1"
"18(1,B3)","Control1","1"
"19(1,C3)","Control2","1"
"20(1,D3)","Control2","1"
"21(1,E3)","Normoxia Control 1","1"
"22(1,F3)","Normoxia Control 1","1"
"23(1,G3)","Normoxia Control 1","1"
"24(1,H3)","Normoxia Control 2","1"
"25(1,A4)","Normoxia Control 2","1"
"26(1,B4)","Normoxia Control 2","1"
"27(1,C4)","Normoxia Control 3","1"
"28(1,D4)","Normoxia Control 3","1"
"29(1,E4)","Normoxia Control 3","1"
"30(1,F4)","Normoxia DEP 1","1"
"31(1,G4)","Normoxia DEP 1","1"
"32(1,H4)","Normoxia DEP 1","1"
"33(1,A5)","Normoxia DEP 2","1"
"34(1,B5)","Normoxia DEP 2","1"
"35(1,C5)","Normoxia DEP 2","1"
"36(1,D5)","Normoxia DEP 3","1"
"37(1,E5)","Normoxia DEP 3","1"
"38(1,F5)","Normoxia DEP 3","1"
"39(1,G5)","Normoxia Ox66 1","1"
"40(1,H5)","Normoxia Ox66 1","1"
"41(1,A6)","Normoxia Ox66 1","1"
"42(1,B6)","Normoxia Ox66 2","1"
"43(1,C6)","Normoxia Ox66 2","1"
"44(1,D6)","Normoxia Ox66 2","1"
"45(1,E6)","Normoxia Ox66 3","1"
"46(1,F6)","Normoxia Ox66 3","1"
"47(1,G6)","Normoxia Ox66 3","1"
"48(1,H6)","Normoxia Mix 1","1"
"49(1,A7)","Normoxia Mix 1","1"
"50(1,B7)","Normoxia Mix 1","1"
"51(1,C7)","Normoxia Mix 2","1"
"52(1,D7)","Normoxia Mix 2","1"
"53(1,E7)","Normoxia Mix 2","1"
"54(1,F7)","Normoxia Mix 3","1"
"55(1,G7)","Normoxia Mix 3","1"
"56(1,H7)","Normoxia Mix 3","1"
"57(1,A8)","Hypoxia Control 1","1"
"58(1,B8)","Hypoxia Control 1","1"
"59(1,C8)","Hypoxia Control 1","1"
"60(1,D8)","Hypoxia Control 2","1"
"61(1,E8)","Hypoxia Control 2","1"
"62(1,F8)","Hypoxia Control 2","1"
"63(1,G8)","Hypoxia Control 3","1"
"64(1,H8)","Hypoxia Control 3","1"
"65(1,A9)","Hypoxia Control 3","1"
"66(1,B9)","Hypoxia DEP 1","1"
"67(1,C9)","Hypoxia DEP 1","1"
"68(1,D9)","Hypoxia DEP 1","1"
"69(1,E9)","Hypoxia DEP 2","1"
"70(1,F9)","Hypoxia DEP 2","1"
"71(1,G9)","Hypoxia DEP 2","1"
"72(1,H9)","Hypoxia DEP 3","1"
"73(1,A10)","Hypoxia DEP 3","1"
"74(1,B10)","Hypoxia DEP 3","1"
"75(1,C10)","Hypoxia Ox66 1","1"
"76(1,D10)","Hypoxia Ox66 1","1"
"77(1,E10)","Hypoxia Ox66 1","1"
"78(1,F10)","Hypoxia Ox66 2","1"
"79(1,G10)","Hypoxia Ox66 2","1"
"80(1,H10)","Hypoxia Ox66 2","1"
"81(1,A11)","Hypoxia Ox66 3","1"
"82(1,B11)","Hypoxia Ox66 3","1"
"83(1,C11)","Hypoxia Ox66 3","1"
"84(1,D11)","Hypoxia Mix 1","1"
"85(1,E11)","Hypoxia Mix 1","1"
"86(1,F11)","Hypoxia Mix 1","1"
"87(1,G11)","Hypoxia Mix 2","1"
"88(1,H11)","Hypoxia Mix 2","1"
"89(1,A12)","Hypoxia Mix 2","1"
"90(1,B12)","Hypoxia Mix 3","1"
"91(1,C12)","Hypoxia Mix 3","1"
"92(1,D12)","Hypoxia Mix 3","1"
"93(1,E12)","DEP Interference ","1"
"94(1,F12)","DEP Interference ","1"
"95(1,G12)","Ox66 Interference","1"
"96(1,H12)","Ox66 Interference","1"


"DataType:","Analysis Types"
"Analyte:","IL-6","IL-8","TNFa"
"AnalysisType","Logistic 5P Weighted","Logistic 5P Weighted","Logistic 5P Weighted"

"DataType:","Analysis Coefficients"
"Analyte:","IL-6","IL-8","TNFa"
"Coefficient A","0.430465097306329","6.7619933076076","1.58442352909801"
"Coefficient B","44832.9124151178","32496.7112842924","45967.4386650012"
"Coefficient C","906.199306455202","1407.34754423733","1567.01328884148"
"Coefficient D","-1.39959932620504","-1.76696585869822","-0.996786020197286"
"Coefficient F","1.68688827618474","0.581863531050708","1.78630149714559"

"DataType:","R^2"
"Analyte:","IL-6","IL-8","TNFa"
"Value","0.984839442679799","0.996788929311202","0.978544511171774"

"DataType:","Audit Logs"
"UserId","Date","Message"

"DataType:","Warnings/Errors"
"Location","Status","Message"

-- CRC --
CRC32: D49BB7D4